t,v_cmd,w_cmd,x,y,yaw_map,yaw_odom,lat_err
0.0002903938293457031,0.0,0.0,0.1398293990523577,-0.006165519291808044,-3.037365664172121,-2.9117238782357076,nan
0.050737857818603516,0.0,0.0,0.1398293990523577,-0.006165519291808044,-3.0373523797417974,-2.9117123797418,nan
0.10084390640258789,0.0,0.0,0.13982939905176553,-0.00616551929187005,-3.036630771482802,-2.9109907714828043,nan
0.15100789070129395,0.0,0.0,0.13983786521920544,-0.006164627773661391,-3.0357974340387357,-2.910157434038738,nan
0.200836181640625,0.0,0.0,0.13988881131183764,-0.006159117851328819,-3.0306379144357827,-2.904997914435785,nan
0.2504079341888428,0.0,0.0,0.1399123806261807,-0.00615642700606181,-3.0261773399620755,-2.900537339962078,nan
0.30013537406921387,0.0,0.0,0.13991530460155913,-0.006156004163616599,-3.0161065385547388,-2.8904665385547412,nan
0.3504469394683838,0.0,0.0,0.13987548736162328,-0.006160971595340209,-3.0087023539750968,-2.8830623539750992,nan
0.40064501762390137,0.0,0.0,0.1399382795785036,-0.006152522952242945,-2.9918938085928546,-2.866253808592857,nan
0.45075559616088867,0.0,0.0,0.13994925282090026,-0.006150636881795207,-2.985259519462263,-2.8596195194622656,nan
0.5005207061767578,0.0,0.0,0.13993406967424882,-0.006152885404947878,-2.9621522292365627,-2.836512229236565,nan
0.5508763790130615,0.0,0.0,0.13994679343699742,-0.006150803828739934,-2.9526457211185773,-2.8270057211185797,nan
0.6072902679443359,0.0,0.0,0.1399629774246382,-0.006147501163368901,-2.9305549336421604,-2.804914933642163,nan
0.6536920070648193,0.0,0.0,0.1399905342280867,-0.006141966458724835,-2.919174148484564,-2.7935341484845666,nan
0.7002103328704834,0.0,0.0,0.14012288592259017,-0.006111450131766505,-2.8976206012590655,-2.783540301892587,nan
0.7560882568359375,0.0,0.0,0.1401754129734077,-0.006097643820644386,-2.887780839817029,-2.7621408398170315,nan
0.8009293079376221,0.0,0.0,0.14027998877645806,-0.006069113184104552,-2.8623052007182177,-2.7520931906821575,nan
0.8503458499908447,0.0,0.0,0.14033420021177706,-0.006053509762827772,-2.852397968306381,-2.7267579683063836,nan
0.9002621173858643,0.0,0.0,0.1404279447067375,-0.006024002968304049,-2.8318494391157825,-2.706209439115785,nan
0.9520206451416016,0.0,0.0,0.14046398145989106,-0.006012304793990647,-2.821758613873243,-2.6961186138732454,nan
1.0024003982543945,0.0,0.0,0.1405094457739245,-0.00599699738660768,-2.8081344392712704,-2.682494439271273,nan
1.0511527061462402,0.0,0.32,0.14058056338901997,-0.005971144679373791,-2.7885917441074444,-2.662951744107447,0.018576632705083054
1.1004877090454102,0.0,0.32,0.14064833858862572,-0.005945514564614465,-2.7635840854613303,-2.6379440854613327,0.01853342704905859
1.1506743431091309,0.0,0.32,0.1406895461491473,-0.005929250590190907,-2.7524203473646205,-2.626780347364623,0.018506591821456732
1.2005195617675781,0.0,0.32,0.1407846003825053,-0.005889023615479827,-2.730517098196309,-2.6048770981963116,0.01844233464624222
1.2509844303131104,0.0,0.32,0.14082439594880822,-0.005871582102845635,-2.720435239365258,-2.5947952393652605,0.018414959184819345
1.302262544631958,0.0,0.32,0.14090883858953185,-0.005832203497631749,-2.6955308423695556,-2.569890842369558,0.018354788976183704
1.3505275249481201,0.0,0.32,0.14092214908695141,-0.005824819737868345,-2.687138438943579,-2.5614984389435813,0.018344193560551617
1.4005730152130127,0.0,0.32,0.14098551566839626,-0.005793537040547678,-2.659769456749084,-2.534129456749087,0.018297580493834915
1.4506611824035645,0.0,0.32,0.141028727098245,-0.00577115600969115,-2.6461587875623485,-2.520518787562351,0.01826486861301095
1.5004959106445312,0.0,0.32,0.1411032647554135,-0.005729008986522649,-2.6225061796094415,-2.496866179609444,0.018205183326151234
1.550950288772583,0.0,0.32,0.14112994212613564,-0.005713624850479923,-2.610202723913323,-2.4845627239133257,0.018183582133296638
1.6003942489624023,0.0,0.32,0.1411965169541353,-0.005673171158846635,-2.5786142282527917,-2.452974228252794,0.018127793797664927
1.6509029865264893,0.0,0.32,0.1411987212062145,-0.005670217430026825,-2.567103180415193,-2.4414631804151954,0.018124385580302715
1.701575517654419,0.0,0.32,0.14118873715443792,-0.005675886440385358,-2.5372328362284233,-2.411592836228426,0.01813235573894911
1.7508678436279297,0.0,0.32,0.14120284997391144,-0.005667192918838965,-2.520937618174973,-2.3952976181749754,0.018120431786295604
1.801642894744873,0.0,0.32,0.14122455218883617,-0.005650866405606081,-2.491755553403917,-2.3661155534039193,0.018099243516007224
1.8508179187774658,0.0,0.32,0.14121266306895774,-0.005658947624159333,-2.477930733643168,-2.352290733643171,0.018110013014773357
1.9010334014892578,0.0,0.32,0.14119544468590478,-0.0056726619845050286,-2.450362742163399,-2.3247227421634014,0.018127566624998332
1.9507825374603271,0.0,0.32,0.14115726947660487,-0.005702680295333898,-2.4351932212434777,-2.30955322124348,0.018166143943423856
2.0008909702301025,0.0,0.32,0.14107106765259148,-0.0057772116113253835,-2.405049174316546,-2.2794091743165485,0.018259957408478737
2.0513014793395996,0.0,0.32,0.14106525627256591,-0.005785897646211277,-2.3916409434016876,-2.2660009434016906,0.01826983211494769
2.1006548404693604,0.0,0.32,0.14106700938225306,-0.0057854782736877775,-2.36427501045237,-2.238635010452373,0.018268982313875397
2.150831699371338,0.0,0.32,0.14107239171414368,-0.005780834563631584,-2.3489980423455656,-2.223358042345568,0.018263127213155123
2.200348138809204,0.0,0.32,0.141107176877239,-0.005746035368060384,-2.322136280118947,-2.1964962801189496,0.01822067465389081
2.2504723072052,0.0,0.32,0.14110219317627734,-0.005749266287848567,-2.3072372671888948,-2.1815972671888972,0.01822505660438946
2.3015127182006836,0.0,0.32,0.14111044747834572,-0.005741007720831845,-2.2771479788505835,-2.151507978850586,0.018214985659230767
2.3503925800323486,0.0,0.32,0.14113528128776448,-0.005713227297470008,-2.2636203434130544,-2.1379803434130564,0.018181857819109203
2.400731086730957,0.0,0.32,0.14115381653428813,-0.005688705339967973,-2.237733425938436,-2.112093425938439,0.01815347550133697
2.4510865211486816,0.0,0.32,0.14115944218525947,-0.005681378919027494,-2.222512060751703,-2.0968720607517057,0.018144975248103493
2.507030487060547,0.0,0.32,0.1411654236832662,-0.005672465760597836,-2.193463826661704,-2.0678238266617064,0.01813485038726673
2.551042079925537,0.0,0.32,0.1411335199001984,-0.005713390192025852,-2.178846715218464,-2.0532067152184665,0.018182457240770493
2.6004488468170166,0.0,0.32,0.14106610640502995,-0.005811358435100333,-2.151705550615862,-2.0260655506158645,0.01829424816720613
2.6505286693573,0.0,0.32,0.14104561455442666,-0.00584481797913855,-2.138691307462355,-2.0130513074623573,0.01833180691060945
2.7004077434539795,0.0,0.32,0.1409888825909644,-0.005934839122377411,-2.113076734272369,-1.987436734272371,0.01843329970877501
2.75350284576416,0.0,0.32,0.14097597120621339,-0.005959932314049954,-2.0983332148308063,-1.9726932148308085,0.01846085841241117
2.8001277446746826,0.0,0.32,0.14100078876484076,-0.005921844318488995,-2.0725962641593876,-1.9469562641593903,0.018417698007265237
2.8502862453460693,0.0,0.32,0.14100361819638263,-0.005915170994368821,-2.060277715378805,-1.934637715378808,0.018410523997809562
2.9003453254699707,0.0,0.32,0.14102313894274346,-0.005879095040971227,-2.0345439702121926,-1.9089039702121953,0.018370667645304484
2.9504220485687256,0.0,0.32,0.141044055106952,-0.005838010258877216,-2.0213969746,-1.8957569746000018,0.01832561744439812
3.000337600708008,0.0,0.32,0.14106172714571777,-0.0057984509972068,-1.9986090706241515,-1.8729690706241526,0.018282870019002355
3.0504260063171387,0.0,0.32,0.14107332470076273,-0.0057730446878092034,-1.9865726597573397,-1.8609326597573428,0.018255354834282315
3.1007349491119385,0.0,0.32,0.14109540935366754,-0.005721648533175264,-1.963047177811891,-1.8374071778118937,0.018200044191978758
3.1506431102752686,0.0,0.32,0.14109926081128102,-0.0057106406595634485,-1.949477155484763,-1.823837155484765,0.018188420360469783
3.20041561126709,0.0,0.32,0.14110974137277252,-0.005682899768760949,-1.9240654972146323,-1.7984254972146354,0.018158931859907593
3.2502877712249756,0.0,0.32,0.1411173289954052,-0.005662556382324893,-1.9124328294316735,-1.7867928294316764,0.01813733200025145
3.300727367401123,0.0,0.32,0.14110608771504268,-0.00569023999407707,-1.8909836467743075,-1.7653436467743098,0.018166956805742877
3.351267099380493,0.0,0.32,0.14110506632702036,-0.005694873437013082,-1.8787570186608282,-1.7531170186608294,0.018171698001759235
3.4006710052490234,0.0,0.32,0.1411104583725214,-0.00567946320303285,-1.8562654008146893,-1.7306254008146917,0.01815542560179061
3.450770378112793,0.0,0.32,0.14110415854273695,-0.005698048978568168,-1.8429364452348391,-1.7172964452348412,0.01817499986519242
3.5010898113250732,0.0,0.32,0.14109974979965387,-0.005715771025860877,-1.8194231518912543,-1.6937831518912572,0.018193260861230583
3.550520181655884,0.0,0.32,0.14109286538344823,-0.005740084571211876,-1.8095545749596258,-1.6839145749596285,0.018218524915446236
3.600895643234253,0.0,0.32,0.1410759599712299,-0.005812041928897227,-1.783966905326289,-1.658326905326291,0.01829241921419339
3.650733709335327,0.0,0.32,0.14107039373206842,-0.005839397271231533,-1.7704829646640807,-1.644842964664083,0.018320293744161237
3.700559377670288,0.0,0.32,0.1410746607043376,-0.005826265541751946,-1.7505320258137094,-1.6248920258137116,0.0183065102239083
3.7507483959198,0.0,0.32,0.1410726580957812,-0.005833824121351486,-1.7396846140605973,-1.6140446140606006,0.018314329536017148
3.800708055496216,0.0,0.32,0.1410661640841567,-0.0058702773443777,-1.7155947379147543,-1.589954737914757,0.01835124198857616
3.8504343032836914,0.0,0.32,0.141062817612367,-0.005892171981929636,-1.7074493768373875,-1.5818093768373898,0.018373273019875968
3.900564670562744,0.0,0.32,0.14104670726382124,-0.006010839108037597,-1.680022138992029,-1.5543821389920311,0.018492174685664893
3.9507439136505127,0.0,0.32,0.14103922292577548,-0.006077712372844754,-1.6691978943716568,-1.5435578943716592,0.01855878497139039
4.000208377838135,0.0,0.32,0.14103264044713534,-0.006167710228040635,-1.6488321353298108,-1.5231921353298135,0.01864756388919259
4.050881385803223,0.0,0.32,0.1410298177633636,-0.006204534903527237,-1.638822734561429,-1.5131827345614313,0.01868392612209478
4.100481986999512,0.0,0.32,0.1410323015192232,-0.006199755984065136,-1.6168686641933012,-1.4912286641933037,0.018678678492244836
4.15041184425354,0.0,0.32,0.1410361048859969,-0.00614429982984889,-1.607495761558275,-1.4818557615582775,0.018624030886985655
4.20024561882019,0.0,0.32,0.14103809068707182,-0.00605424851642998,-1.583483068124759,-1.457843068124761,0.018536356511892126
4.251108169555664,0.0,0.32,0.141038013733991,-0.006026366729307203,-1.5725447395297096,-1.4469047395297117,0.01850938936277258
4.300491094589233,0.0,0.32,0.14103745815764474,-0.005940134944787442,-1.550468829152515,-1.4248288291525169,0.01842608382952634
4.350863933563232,0.0,0.32,0.14103646014052473,-0.005910939283534075,-1.5400133504398372,-1.4143733504398397,0.0183980900558621
4.400467157363892,0.0,0.32,0.14103543835807889,-0.005934728240272011,-1.5197698793481687,-1.3941298793481707,0.018421363400273335
4.450984477996826,0.0,0.32,0.1410361696058321,-0.00594799747814953,-1.5106056970105517,-1.3849656970105546,0.018434016792303793
4.501433849334717,0.0,0.32,0.14104038747017064,-0.006020887594062246,-1.4875737708688535,-1.3619337708688561,0.018503489312368924
4.550466060638428,0.0,0.32,0.14104241085738495,-0.006032813240698612,-1.4788646377085763,-1.353224637708579,0.018514523354317365
4.601794242858887,0.0,0.32,0.14104046964739358,-0.006000301995757712,-1.4569406193442078,-1.3313006193442107,0.01848354549219339
4.650622367858887,0.0,0.32,0.1410381513865751,-0.005980168577422673,-1.4463035531761763,-1.320663553176179,0.018464645817699056
4.700502872467041,0.0,0.32,0.14103257805092642,-0.005938751784368201,-1.4248141610594125,-1.299174161059415,0.018425979607919807
4.7507102489471436,0.0,0.32,0.14103044075844284,-0.0059263101648800165,-1.415821720563839,-1.290181720563842,0.01841448420365828
4.800570487976074,0.0,0.32,0.1410248189945453,-0.005893907547459207,-1.3916140973322133,-1.2659740973322156,0.01838456691750275
4.850733757019043,0.0,0.32,0.14102480540722873,-0.005896040897902369,-1.3826343758014323,-1.2569943758014346,0.018386633769335713
4.900578737258911,0.0,0.32,0.14101959959956833,-0.00586804326413258,-1.365434169578506,-1.2397941695785084,0.018360880110291838
4.950589895248413,0.0,0.32,0.1410161134944257,-0.005851747461077264,-1.3533274324452873,-1.22768743244529,0.01834601040137832
5.000543832778931,0.0,0.32,0.14100167378330428,-0.00578599354513909,-1.333184151068384,-1.2075441510683862,0.018286138014286735
5.050657033920288,0.0,0.32,0.14099201164358224,-0.005746866290107219,-1.3224708974391632,-1.196830897439166,0.018250810807684703
5.1011903285980225,0.0,0.32,0.14098574165019473,-0.005727536351101695,-1.3000251519678994,-1.174385151967902,0.018233752231033688
5.1541032791137695,0.0,0.32,0.1409899842961029,-0.005744715561814634,-1.2889994151581368,-1.1633594151581395,0.018249255198391292
5.200120449066162,0.0,0.32,0.14098929996735968,-0.005740922180666602,-1.2723388170645376,-1.1466988170645402,0.018245766496749173
5.251246213912964,0.0,0.32,0.1409902028419886,-0.005744186217282954,-1.2592966304408895,-1.1336566304408917,0.018248687407303316
5.3012988567352295,0.0,0.32,0.14097856019517893,-0.005706510015149199,-1.2386133761331333,-1.1129733761331355,0.018215297703316112
5.350622177124023,0.0,0.32,0.1409699604054186,-0.005682018295420366,-1.228181170981178,-1.1025411709811808,0.01819387321993359
5.400073051452637,0.0,0.32,0.14096808641710115,-0.005679003304039323,-1.207082908778095,-1.0814429087780972,0.0181914484366022
5.450661897659302,0.0,0.32,0.14096606549800758,-0.005673451006923749,-1.1958827776284873,-1.0702427776284902,0.018186612147488367
5.501096487045288,0.0,0.32,0.1409674951177783,-0.0056776283463129545,-1.178450887603618,-1.0528108876036204,0.0181902743359616
5.550530672073364,0.0,0.32,0.14096615812258026,-0.005674055608008641,-1.1662165749489652,-1.0405765749489677,0.01818717187953676
5.602241516113281,0.0,0.32,0.1409671699894301,-0.005676527828812464,-1.1468535747877193,-1.0212135747877218,0.018189296117136457
5.650990009307861,0.0,0.32,0.14096187192289453,-0.005664117879853187,-1.137487816632058,-1.0118478166320606,0.018178691357870168
5.7004759311676025,0.0,0.32,0.1409622535209498,-0.005665897708891268,-1.1148566604408212,-0.9892166604408238,0.01818031049945907
5.7512030601501465,0.0,0.32,0.14098005366760666,-0.005704023840008468,-1.1040472726520012,-0.978407272652004,0.018212509665531534
5.800278425216675,0.0,0.32,0.14102182746351508,-0.005786137916132514,-1.0861301472185771,-0.9604901472185796,0.018281116147812266
5.850435018539429,0.0,0.32,0.14104167811466686,-0.005822909748701199,-1.0730842474696631,-0.9474442474696659,0.01831161538738972
5.902166128158569,0.0,0.32,0.14105316634304216,-0.005841281717438959,-1.053574483283109,-0.9279344832831115,0.018326472352559794
5.950639963150024,0.0,0.32,0.1410413007906238,-0.005819218866303044,-1.042247182479343,-0.9166071824793455,0.018308141541318455
6.000674486160278,0.0,0.32,0.14102408055147683,-0.0057904464327952765,-1.0172948797128998,-0.891654879712902,0.018284705995116418
6.050595998764038,0.0,0.32,0.1409938765935399,-0.005740199059507928,-1.0075942026743314,-0.8819542026743337,0.018243888170288703
6.100555658340454,0.0,0.32,0.14096253154789257,-0.005692680312181786,-0.9896038567497749,-0.8639638567497775,0.018206099057068888
6.150556325912476,0.0,0.32,0.14094542310553412,-0.005666679788261311,-0.9770031102650469,-0.8513631102650496,0.01818545334331608
6.200553894042969,0.0,0.32,0.14089200549781775,-0.005588510999720769,-0.9577208930484534,-0.8320808930484554,0.018124088818419103
6.250555992126465,0.0,0.32,0.14088272479695857,-0.0055767117058863475,-0.9466877588778112,-0.8210477588778136,0.01811517433454379
6.3006603717803955,0.0,0.32,0.14085274997714758,-0.005535726693445195,-0.9245953274431221,-0.7989553274431245,0.018083666742032038
6.350571393966675,0.0,0.32,0.14083303923331864,-0.005509744059137747,-0.9140378897662437,-0.7883978897662463,0.018063928358775537
6.401257038116455,0.0,0.32,0.14082347364333003,-0.005498608372693961,-0.8942529814853778,-0.7686129814853802,0.018055781814480875
6.450754642486572,0.0,0.32,0.14081441296503486,-0.00548711213035083,-0.8806778491164622,-0.7550378491164649,0.018047159879599067
6.500413656234741,0.0,0.32,0.14078826705147698,-0.005455857158389338,-0.8630179569631992,-0.7373779569632016,0.018024170202698312
6.550623416900635,0.0,0.32,0.14080576941535544,-0.005477594048915194,-0.8523570071501221,-0.7267170071501249,0.018040336796671233
6.600579500198364,0.0,0.32,0.14089967855152505,-0.00558559638827083,-0.8352139719553365,-0.709573971955339,0.01811924650504958
6.650490760803223,0.0,0.32,0.14092177874543066,-0.005608183267968719,-0.8271949728221003,-0.7015549728221027,0.018135200833096887
6.700636148452759,0.0,0.32,0.14098141734749695,-0.005672499769841452,-0.8109441678826471,-0.6853041678826499,0.018181708267727633
6.750612497329712,0.0,0.32,0.14101272445078916,-0.005704550358449217,-0.8003279690051605,-0.6746879690051631,0.018204589203114657
6.800406455993652,0.0,0.32,0.14096883443443137,-0.005657198270239375,-0.7817933727807311,-0.6561533727807336,0.018170198477815223
6.850860118865967,0.0,0.32,0.14099028373388756,-0.00568036682548359,-0.7723185925724749,-0.6466785925724778,0.018187011300666918
6.900707960128784,0.0,0.32,0.14110277029476348,-0.005790224340682687,-0.7551155982485537,-0.6294755982485563,0.018264551040996797
6.950926780700684,0.0,0.32,0.14110219078903793,-0.005787179409533896,-0.7466223966933188,-0.6209823966933213,0.018261749621564842
7.0007946491241455,0.0,0.32,0.14106645250954583,-0.0057535527027078315,-0.7287317505931251,-0.6030917505931277,0.01823824085752242
7.0506556034088135,0.0,0.32,0.14108351151486243,-0.005769676658244335,-0.7190499856579439,-0.5934099856579467,0.018249520154608487
7.102220296859741,0.0,0.32,0.1410416631140346,-0.005732277767081281,-0.7005665662980598,-0.5749265662980623,0.01822397597432554
7.150518417358398,0.0,0.32,0.14106149394818115,-0.005750704052868635,-0.6936978043703131,-0.5680578043703158,0.018236744464624897
7.201433181762695,0.0,0.32,0.14116716080158762,-0.005838834199752271,-0.6774143270860606,-0.5517743270860631,0.018295564772115254
7.250932931900024,0.0,0.32,0.14114531215754228,-0.0058186712621759035,-0.6687371791477109,-0.5430971791477135,0.018281453826165726
7.30089807510376,0.0,0.32,0.14113612125956582,-0.00581185892779254,-0.6532035912639321,-0.5275635912639345,0.018277145778297834
7.350802659988403,0.0,0.32,0.1411469980696412,-0.005820215482304603,-0.6466916962952434,-0.5210516962952458,0.0182825300865058
7.400343418121338,0.0,0.32,0.1411019652559404,-0.005785582201031314,-0.6310496009339407,-0.5054096009339433,0.01826026045659847
7.450957775115967,0.0,0.32,0.1411154360475038,-0.005796579651181383,-0.624431792941279,-0.49879179294128173,0.01826752350667288
7.500577449798584,0.0,0.32,0.14117701558184964,-0.005841151887622381,-0.6104306162942752,-0.48479061629427767,0.018295374702616673
7.550389528274536,0.0,0.32,0.1411434465659062,-0.005815943073955554,-0.6039647681685362,-0.4783247681685387,0.018279275825775255
7.60043740272522,0.0,0.32,0.14113383785902314,-0.005810299927282436,-0.5881315492629827,-0.4624915492629853,0.018276205677754224
7.650769472122192,0.0,0.32,0.1411468194318997,-0.005818995078626876,-0.5817394749451926,-0.4560994749451952,0.01828139247095492
7.700512170791626,0.0,0.32,0.14110823140321122,-0.0057929561070534236,-0.5662365034482317,-0.4405965034482344,0.018265823204078158
7.751059055328369,0.0,0.32,0.141098697446023,-0.005787374314038335,-0.5599657250640182,-0.4343257250640207,0.018262816995091673
7.80066704750061,0.0,0.32,0.14108957766563596,-0.00578182781742724,-0.5436244335390773,-0.4179844335390799,0.018259746681055514
7.851139783859253,0.0,0.32,0.14106607243185432,-0.00576740891378634,-0.5357758937789362,-0.4101358937789388,0.018251740297264573
7.9006524085998535,0.0,0.32,0.14113622240777898,-0.005810420204921049,-0.5196313167617762,-0.39399131676177873,0.018275727290892357
7.95071268081665,0.0,0.32,0.14120496816341954,-0.005850036947817147,-0.5129966085859522,-0.3873566085859546,0.018297106456657355
8.000913143157959,0.0,0.32,0.14124073673091195,-0.005868079888949634,-0.4956188291831036,-0.3699788291831063,0.018305863667765238
8.050525188446045,0.0,0.32,0.14121225287066902,-0.0058519260592617,-0.48634850855299483,-0.3607085085529973,0.018297152035921183
8.100529193878174,0.0,0.32,0.14112722898664656,-0.005807677439287881,-0.45893713278969317,-0.33329713278969564,0.018275316599032455
8.150695323944092,0.0,0.32,0.14109771959471648,-0.005793661517936033,-0.4498652590469646,-0.32422525904696725,0.018269147963858184
8.200592994689941,0.01,0.245,0.14115689656222702,-0.005823765951366036,-0.43455366459769246,-0.30891366459769504,0.018283510018207612
8.251585245132446,0.02,0.21319650553687833,0.14119514865484514,-0.005841332734758883,-0.42886706678856684,-0.3032270667885695,0.0182910812760819
8.30130934715271,0.03,0.20828698882429858,0.14160041986311495,-0.006028996784806506,-0.41782318321374884,-0.2921831832137513,0.018378537614092267
8.35049319267273,0.04,0.20664088987476628,0.14206341676634343,-0.006239315618728203,-0.4136698883847889,-0.2880298883847914,0.018487153971446478
8.400246381759644,0.05,0.20343847493026357,0.14365181468702606,-0.006936610151053846,-0.4044691846106601,-0.27882918461066275,0.018934876472164158
8.450610399246216,0.060000000000000005,0.20224250341353592,0.14461915267274553,-0.0073536673822241355,-0.399930318145794,-0.2742903181457965,0.01927146819950323
8.500790119171143,0.07,0.19910518504063354,0.14715179564275302,-0.008415933089940028,-0.38945956265950205,-0.2638195626595046,0.020303722504867436
8.550709247589111,0.08,0.1978128318092498,0.1486452622573484,-0.00902648167175063,-0.3836775320414464,-0.25803753204144897,0.020914271086678038
8.601310014724731,0.08,0.19462767179018575,0.15196019436023922,-0.010348659236647045,-0.37328273801507444,-0.24764273801507697,0.022236448651574453
8.650634050369263,0.08,0.19341480200147965,0.1534987246408065,-0.010948882700706195,-0.3685610223385728,-0.24292102233857538,0.022836672115633602
8.700313568115234,0.08,0.1902422069097396,0.15715016673771118,-0.01233395515286001,-0.35642458576518304,-0.23078458576518557,0.024221744567787418
8.750916242599487,0.08,0.1887747123407187,0.15872964736133321,-0.0129183413033514,-0.35249442390976155,-0.22685442390976407,0.024806130718278807
8.800560474395752,0.08,0.1866286748215177,0.16216649073164896,-0.014165447835257125,-0.3438473918301582,-0.21820739183016077,0.026053237250184533
8.850775241851807,0.08,0.18571751938982148,0.16407635244502294,-0.0148459199935035,-0.34019804822515,-0.21455804822515256,0.02673370940843091
8.900819778442383,0.08,0.18404041852140235,0.1676185247076287,-0.016082965161805032,-0.33126510628022243,-0.205625106280225,0.02797075457673244
8.950917482376099,0.08,0.1827523982130473,0.1695315645856858,-0.016735601638994374,-0.32604991763906094,-0.20040991763906346,0.028623391053921782
9.000593900680542,0.08,0.18064761404404558,0.17310294784407607,-0.017928885031694528,-0.3183442307565309,-0.19270423075653342,0.029816674446621935
9.050503015518188,0.08,0.17955048226505324,0.17500500743970984,-0.01854892802990385,-0.3121065702038703,-0.1864665702038728,0.030436717444831257
9.100813865661621,0.08,0.1758283953696714,0.17856128378750455,-0.019675636360544577,-0.30218882250689905,-0.17654882250690163,0.031563425775471984
9.150792360305786,0.08,0.1748538397735535,0.18045457985060556,-0.02025999302248785,-0.29689358566260793,-0.1712535856626105,0.03214778243741526
9.200862407684326,0.08,0.1721522189802198,0.18404564983314498,-0.021343455477898524,-0.2889690163127526,-0.16332901631275523,0.03323124489282593
9.251026153564453,0.08,0.17128527719640801,0.18598960191876399,-0.02191619428758404,-0.28383568430409406,-0.1581956843040966,0.03380398370251145
9.30124020576477,0.08,0.16815343996962262,0.18961113540704816,-0.022953786742521534,-0.2742194288833403,-0.14857942888334286,0.016333465231329353
9.351310968399048,0.08,0.10461710984973706,0.191586682486875,-0.023504419996590892,-0.2692014155824811,-0.1435614155824836,0.015174309093385043
9.400835037231445,0.08,0.10118653739727906,0.19524443291448973,-0.024493908529253733,-0.2592477426196308,-0.1336077426196334,0.013625729491344286
9.450589418411255,0.08,0.09990865171326643,0.19742436175192427,-0.02507088308962832,-0.2558075465196622,-0.13016754651966475,0.013041328240502331
9.500702381134033,0.08,0.09902627142146925,0.20156435698230343,-0.026146348621262264,-0.2513670571923206,-0.12572705719232324,0.011965862708868388
9.550556898117065,0.08,0.09850017168542642,0.20385963356704664,-0.026732397090220766,-0.24771561536185147,-0.12207561536185407,0.011379814239909886
9.600837707519531,0.08,0.0971084928798458,0.20812843515204,-0.02779978100223554,-0.24218855201261474,-0.11654855201261727,0.010312430327895111
9.650739192962646,0.08,0.09651180140454133,0.21040037544206203,-0.028356102844550327,-0.23832864892490313,-0.11268864892490571,0.009756108485580325
9.700543403625488,0.08,0.0951726827732436,0.2146578748961891,-0.029381760737976784,-0.23521452970380655,-0.1095745297038091,0.008730450592153868
9.750631332397461,0.08,0.09541568309825968,0.21660847399103594,-0.029846344828705226,-0.23253944392964185,-0.10689944392964446,0.008265866501425426
9.800989389419556,0.08,0.02690918228551485,0.21273771115891382,0.03451071763972424,-0.2659063809307854,-0.09838638093078833,0.0726229289698549
9.850362777709961,0.08,0.025994560310318066,0.2150272606086424,0.03389268943440113,-0.26131075249866337,-0.09379075249866631,0.07200490076453178
9.900537014007568,0.08,0.02434604658833309,0.21965591877546248,0.03266036629062766,-0.25914223430373184,-0.09162223430373473,0.07077257762075831
9.95049262046814,0.08,0.025372514612609802,0.22236465303700653,0.03194000032058433,-0.2593658261643545,-0.09184582616435755,0.07005221165071499
10.000823974609375,0.08,0.026189777611116793,0.2274055283042818,0.030614039042718144,-0.2555904885700962,-0.08807048857009914,0.0687262503728488
10.051073789596558,0.08,0.02647454948690205,0.23011455987445834,0.02990597863872696,-0.25612706658611195,-0.08860706658611495,0.06801818996885761
10.10054612159729,0.08,0.02849363617255007,0.23519646377263248,0.028579135447293375,-0.2531892649396239,-0.0856692649396269,0.06669134677742403
10.150557041168213,0.08,0.02808298756307349,0.23793555585327658,0.02787272483332237,-0.2518611538660217,-0.08434115386602459,0.06598493616345302
10.200310945510864,0.08,0.02921602860671968,0.24296843722798062,0.02657867057813751,-0.251560061660705,-0.084040061660708,0.06469088190826816
10.250654220581055,0.08,0.02999446991406221,0.24566993124667874,0.0258875975809226,-0.24940532332393156,-0.08188532332393449,0.06399980891105325
10.30274486541748,0.08,0.030176868899564956,0.2480211084178655,0.025289891777468404,-0.2482144557234643,-0.08069445572346723,0.013402102362540996
10.350586175918579,0.08,0.09017686889956496,0.25343058560888204,0.023922629376922272,-0.24654790544040409,-0.07902790544040704,0.012034839961994864
10.400452136993408,0.08,0.09625288093929632,0.25842537301488827,0.022676000680639408,-0.24224416418106426,-0.0747241641810672,0.010788211265712
10.450517177581787,0.08,0.09592887162527218,0.2608891551579852,0.022072358138448767,-0.23993112199902905,-0.07241112199903199,0.010184568723521359
10.500813007354736,0.08,0.09244570560850568,0.27096340708720196,0.026509304335612605,-0.23275315568835023,-0.0672417879095284,0.014621514920685197
10.550509929656982,0.08,0.08676876553291443,0.27692820068882934,0.02945004280346683,-0.22709023708778467,-0.06285411318278644,0.017562253388539423
10.600142240524292,0.08,0.07829957307410387,0.28180554855364065,0.029043514112616436,-0.21800838189878713,-0.053978381898790236,0.01715572469768903
10.650415897369385,0.08,0.07687746281457462,0.2841493886485835,0.02852673202557321,-0.21569700048197052,-0.0516670004819737,0.0166389426106458
10.700512886047363,0.08,0.07657529650148238,0.2885573138700176,0.027566805526599847,-0.21244766361180384,-0.048417663611806994,0.01567901611167244
10.75083613395691,0.08,0.07627494469655553,0.2909600188716592,0.027051185864304744,-0.20995394787277546,-0.045923947872778655,0.015163396449377337
10.800292253494263,0.08,0.07505382818326795,0.29545008409358214,0.026109049837925224,-0.2030989309338165,-0.0390689309338197,0.014221260422997817
10.850607633590698,0.08,0.0739391675869837,0.2974821568489582,0.02569319505548323,-0.2007350027727136,-0.03670500277271671,0.013805405640555823
10.900545597076416,0.08,0.07356210025686759,0.30234559231914016,0.024709069417790247,-0.19755866645927883,-0.033528666459281986,0.01282128000286284
10.950452327728271,0.08,0.07324555470123138,0.3044215104631004,0.024297689819632512,-0.193277514912126,-0.029247514912129177,0.012409900404705104
11.000862836837769,0.08,0.0703322969946385,0.30892605478782614,0.023433268410429642,-0.18702607273186853,-0.022996072731871656,0.011545478995502234
11.050530195236206,0.08,0.07013697122011463,0.3113648756427558,0.022973128489808453,-0.18588331333816305,-0.021853313338166203,0.011085339074881045
11.100406646728516,0.08,0.06949363120025834,0.3162557572418208,0.02206749940046046,-0.1797049357067313,-0.015674935706734505,0.010179709985533053
11.150378465652466,0.08,0.06859297622705147,0.3183806515088434,0.02168404632991222,-0.17673354090649346,-0.012703540906496613,0.009796256914984813
11.20048713684082,0.08,0.08114120527442015,0.31346310873204014,0.011747206786069359,-0.1762191407482883,-0.005209140748291486,0.00014058262885804917
11.250568866729736,0.08,0.08032180951198406,0.3155808450325936,0.011370133254947179,-0.17599769415699876,-0.004987694157001953,0.0005176561599802287
11.301841020584106,0.08,0.08040894741886058,0.3204905984997926,0.0105094833074523,-0.16872188416197803,0.0022881158380188,0.001378306107475108
11.350673913955688,0.08,0.07853865875400091,0.32254246552821475,0.010164278046367381,-0.16456214841162892,0.006447851588367914,0.0017235113685600267
11.400373697280884,0.08,0.07624875616763419,0.32736837097257104,0.00937622413465694,-0.15947616606185294,0.01153383393814389,0.002511565280270467
11.450655937194824,0.08,0.07583167813093299,0.3294202714424762,0.009048309282699646,-0.15727465273546362,0.01373534726453318,0.002839480132227762
11.50087571144104,0.08,0.07422568350213297,0.33430975289510056,0.008289136338410247,-0.14990088986576838,0.021109110134228448,0.003598653076517161
11.550560712814331,0.08,0.07291373911476492,0.3363975759732935,0.007978041342292713,-0.1453816830317321,0.02562831696826473,0.0039097480726346945
11.600688219070435,0.08,0.06982159881725837,0.3412458819362913,0.007284550657421118,-0.14056840322130487,0.03044159677869196,0.004603238757506289
11.650691747665405,0.08,0.06999597761581962,0.34338300535321614,0.006982579554946883,-0.13953200535635896,0.03147799464363787,0.004905209859980525
11.700708389282227,0.08,0.06810355163336898,0.3483328989829939,0.006310733989708689,-0.12969881381674633,0.04131118618325047,0.005577055425218719
11.75061321258545,0.08,0.06634042531000868,0.3497506821329852,0.00612688206711276,-0.12764903861164895,0.043360961388347885,0.005760907347814648
11.800443410873413,0.08,0.06478720166841118,0.35541701609831844,0.005414373883270818,-0.12289813059587834,0.04811186940411849,0.00647341553165659
11.850718975067139,0.08,0.06442239604430768,0.3575652217768304,0.005150625122122332,-0.12085070760732916,0.0501592923926677,0.006737164292805076
11.900789499282837,0.08,0.05870208792969679,0.368380122411826,0.010076052084825315,-0.10931571781279258,0.059674979705853566,0.0018117373301020923
11.9506356716156,0.08,0.05222498810877183,0.37317160923258974,0.012420492565955316,-0.10565642776287779,0.062393632832562045,0.0005327031510279079
12.00051760673523,0.08,0.04551467547857451,0.3798139584821713,0.013331181360860145,-0.1034392255328801,0.06408077446711678,0.0014433919459327371
12.051454782485962,0.08,0.045326651937129515,0.38202411888189197,0.013105290273127679,-0.09969953081119376,0.06782046918880313,0.001217500858200271
12.10155463218689,0.08,0.04192458816737246,0.3868497136106615,0.012641160469517881,-0.09353270909447789,0.07398729090551903,0.0007533710545904737
12.151108503341675,0.08,0.04171570091127435,0.38950436768667823,0.012390490426852113,-0.09447720114814241,0.0730427988518545,0.0005027010119247055
12.200408935546875,0.08,0.041690880232255915,0.3948456228024481,0.011897112127525589,-0.08900295663669666,0.07851704336330023,9.32271259818096e-06
12.250486850738525,0.08,0.04062124146436184,0.3971391471316949,0.011696168766498483,-0.08553737201310684,0.08198262798689004,0.00019162064842892512
12.300713539123535,0.08,0.0394756776011279,0.40202706407190797,0.011279865070182027,-0.08369939908387182,0.08382060091612509,0.0006079243447453808
12.351706266403198,0.08,0.03900910906625038,0.40474106864491194,0.011054162814501972,-0.08152707735773289,0.08599292264226399,0.0008336266004254356
12.401330471038818,0.08,0.03706625407802705,0.4097380644292034,0.010659815540196765,-0.07604280246577834,0.09147719753421857,0.0012279738747306423
12.450813055038452,0.08,0.03632796683074462,0.41241901425318617,0.010456488528899133,-0.07545611788452732,0.09206388211546956,0.001431300886028275
12.500590801239014,0.08,0.03631787258319633,0.4175010283540329,0.01007649969007357,-0.07210750272528074,0.09541249727471611,0.0018112897248538373
12.55054759979248,0.08,0.03529404914208274,0.42019415214578976,0.009888605510436854,-0.06704591124476998,0.10047408875522691,0.0019991839044905535
12.60029411315918,0.08,0.03328007294840514,0.4193534946636452,0.009823623311207064,-0.06886369075489764,0.10072345776284264,0.002064166103720344
12.650872945785522,0.08,0.03414478556986713,0.4184459796691131,0.00980179807259468,-0.06805115722453813,0.10281216510085622,0.002085991342332727
12.700376272201538,0.08,0.03232273327398054,0.4231044437849766,0.009489958330685083,-0.062323702039862,0.10868629796013439,0.0023978310842423245
12.750955581665039,0.08,0.031597506905128726,0.4258430995720754,0.009318568340595218,-0.06277418018129671,0.10823581981869967,0.0025692210743321897
12.800811529159546,0.08,0.031530733348743324,0.43093574533528395,0.00900564860491837,-0.05932902988235132,0.1116809701176451,0.0028821408100090373
12.850605487823486,0.08,0.03086282029323238,0.43367919767815505,0.008846574997379397,-0.05635669142646513,0.11465330857353129,0.0030412144175480105
12.9010751247406,0.08,0.029888613230944876,0.43867302800967256,0.0085665443158644,-0.05535816531757395,0.11565183468242246,0.0033212450990630082
12.950500726699829,0.08,0.029623835155725056,0.4414049249795961,0.008416252874790503,-0.0541932386408895,0.11681676135910692,0.0034715365401369047
13.003016948699951,0.08,0.028130245132235367,0.4441704091346919,0.008269393207794795,-0.051235352623603014,0.11977464737639343,0.0036183962071326126
13.050324440002441,0.08,0.02750687418068871,0.44928424209774914,0.008015807057237562,-0.04861868404936817,0.12239131595062824,0.003871982357689846
13.100914716720581,0.08,0.02713912086462048,0.45450036504285257,0.007766383964626783,-0.04561498466130951,0.1253950153386869,0.004121405450300625
13.150597095489502,0.08,0.026221349297587397,0.45721566766692806,0.007647937728959026,-0.042024887339450055,0.12898511266054635,0.004239851685968382
13.201139450073242,0.08,0.011976047426443993,0.4723357184926863,0.017430613843079618,-0.042892510601219326,0.12811748939877668,0.00554282442815221
13.25094747543335,0.08,0.012366585961258779,0.47515323347990224,0.017311612264800547,-0.04072592928588407,0.13028407071411194,0.005423822849873139
13.30128812789917,0.08,0.009922243269387883,0.48030911442776436,0.017115480931096133,-0.0377339210438456,0.13327607895615046,0.005227691516168725
13.350658416748047,0.08,0.010420630658458893,0.4831623229705062,0.017005293270721117,-0.03930860807011094,0.13170139192988506,0.005117503855793709
13.401660442352295,0.08,0.010513908993480425,0.48837234879494396,0.016810525850805974,-0.034604442106226777,0.13640555789376926,0.008822901870597675
13.450537919998169,0.08,0.009388604824075227,0.4911812764786645,0.016711811061080606,-0.035851502594156266,0.1351584974058397,0.006605916360460656
13.501258611679077,0.08,0.010734372173324173,0.496417009673924,0.01652178683753122,-0.03474527998048119,0.13626472001951487,0.004633997422603814
13.550402164459229,0.08,0.009830053943239754,0.4991994131137072,0.01642833599225063,-0.03263785561223661,0.13837214438775944,0.004540546577323223
13.601102113723755,0.08,0.009606727352981589,0.504437533789405,0.016250463062043724,-0.03530787616793924,0.1357021238320568,0.004362673647116316
13.650960445404053,0.08,0.010441501733070402,0.5072378911258106,0.01615407291488799,-0.03307794356695493,0.13793205643304104,0.0042662834999605825
13.70078182220459,0.08,0.0089686608476864,0.5124385525091555,0.01598696837987343,-0.032596017705210166,0.13841398229478585,0.004099178964946021
13.750839471817017,0.08,0.009546190649954319,0.5152601829951048,0.015893940466512962,-0.03308681646301016,0.13792318353698585,0.004006151051585555
13.800582647323608,0.08,0.008948004207577305,0.5204521905630728,0.015733163979992665,-0.02940160584122044,0.1416083941587756,0.003845374565065257
13.850396156311035,0.08,0.008417627253174059,0.5228567647780941,0.0156605888331513,-0.03110492084835816,0.13990507915163786,0.0037727994182238933
13.900831460952759,0.08,0.009927810763551799,0.5284625800703675,0.015484527073351018,-0.029808405071324248,0.14120159492867182,0.00359673765842361
13.950355052947998,0.08,0.008928269271125349,0.5312873884284958,0.015402028588356098,-0.02853986081753375,0.1424701391824623,0.0035142391734286904
14.001181602478027,0.08,0.009144340143779454,0.5364597574773526,0.01524798452834869,-0.030545728911281756,0.14116251162612148,0.0033601951134212826
14.050599098205566,0.08,0.009574168036872208,0.5388567800703925,0.015176563267290333,-0.028889666087773467,0.14212033391222254,0.003288773852362925
14.100554704666138,0.08,0.008618003211518463,0.5444730044953066,0.015016510461254406,-0.029381478621364355,0.1416285213786317,0.0031287210463269988
14.150728702545166,0.08,0.009344335025795816,0.5472567247202633,0.014935199823381373,-0.028616878399711283,0.14239312160028472,0.0030474104084539655
14.200841665267944,0.08,0.008449601005262304,0.5524755298822864,0.014793518431662184,-0.02573601454135424,0.14527398545864179,0.002905729016734776
14.250405073165894,0.08,0.007969350007388727,0.5552418816117021,0.014720681485568987,-0.02726735345233124,0.14374264654766478,0.0028328920706415794
14.300426483154297,0.08,0.008527903006867068,0.5604363083008872,0.014582993558732021,-0.025313046470027155,0.1456969535299688,0.0026952041438046137
14.350549697875977,0.08,0.008050960712586396,0.5632660211403789,0.014512452349242977,-0.02425267653506648,0.14675732346492953,0.002624662934315569
14.400501251220703,0.08,0.02219655129773134,0.5584323412609066,0.004844998642945159,-0.028252170260704743,0.14624782973929176,0.007042790771982249
14.450662612915039,0.08,0.022106021345732377,0.5608620838294095,0.004776813749495928,-0.027607827974747548,0.14689217202524898,0.007110975665431479
14.500557661056519,0.08,0.02108123293257639,0.566455240109817,0.0046300956827205475,-0.025842667780309587,0.1486573322196869,0.00725769373220686
14.550525665283203,0.08,0.021286207653363406,0.5688564754997079,0.004568721966987627,-0.025202072936500067,0.14929792706349646,0.007319067447939781
14.601038932800293,0.08,0.020692069985860637,0.5745168761450479,0.004432245240727745,-0.02232350736336647,0.15217649263663002,0.007455544174199663
14.650888442993164,0.08,0.01993729633564576,0.5768962052162007,0.004379387845774879,-0.022159102016929826,0.15234089798306671,0.0075084015691525285
14.70069932937622,0.08,0.020175044998826983,0.5825446799262198,0.004254836708660198,-0.020597060697654417,0.15390293930234208,0.00763295270626721
14.750686645507812,0.08,0.01938035042643696,0.5849755161157398,0.00420663230126031,-0.01874970589872223,0.15575029410127428,0.0076811571136670975
14.800344467163086,0.08,0.018237570901472468,0.5905566185372739,0.004105855541834513,-0.018080804504564542,0.1564191954954319,0.007781933873092894
14.851060152053833,0.08,0.018425514257318264,0.5930071924299486,0.004061842676576027,-0.01767588926253124,0.15682411073746527,0.00782594673835138
14.900869846343994,0.08,0.01759708796940076,0.5986041041041328,0.003971510434002845,-0.014618933078146283,0.15988106692185025,0.007916278980924563
14.950754165649414,0.08,0.017019518092997534,0.600992724923612,0.003935712042065859,-0.015311818378045378,0.1591881816219511,0.007952077372861549
15.000659942626953,0.08,0.01752342873200629,0.6066545190957577,0.003851751942183318,-0.012332888744323664,0.16216711125567285,0.00803603747274409
15.050706624984741,0.08,0.01613151359445449,0.6090218522322263,0.0038239701019307792,-0.011300181163020876,0.16319981883697565,0.008063819312996628
15.100586414337158,0.08,0.016221651158735646,0.6146677447827253,0.0037547067892892694,-0.01283972208575428,0.1616602779142422,0.008133082625638138
15.1505765914917,0.08,0.016489767256824512,0.6170551223843481,0.0037268458143663308,-0.010281363364656966,0.16421863663533953,0.008160943600561077
15.20037317276001,0.08,0.014959338866297418,0.6226464261002556,0.0036723087307094504,-0.010587770218045899,0.1639122297819506,0.008215480684217957
15.250576972961426,0.08,0.015568521863762903,0.6250629672024703,0.003646701066288449,-0.010288461169081182,0.16421153883091535,0.008241088348638959
15.301090240478516,0.08,0.014381367258843439,0.6306439125385422,0.003600700132240592,-0.007006843226005059,0.16749315677399146,0.008287089282686816
15.350675582885742,0.08,0.014025891780089528,0.6330383098723263,0.003582572364367015,-0.008148127171037007,0.16635187282895947,0.008305217050560393
15.400527715682983,0.08,0.014158968597173558,0.6386269635320722,0.0035433465592564217,-0.0052582842149270686,0.16924171578506944,0.008344442855670986
15.450913906097412,0.08,0.013301806199058176,0.6394315619953401,0.003539063075238158,-0.005037177518171416,0.1694628224818251,0.010436596327225437
15.502143144607544,0.08,0.01338942280021142,0.6466386101714787,0.0035018921237807976,-0.004973572120493255,0.16952642787950323,0.00838589729114661
15.550790786743164,0.08,0.010001148937469981,0.6490454094393894,0.003491295143996348,-0.0035775385410227473,0.17092246145897372,0.00839649427093106
15.600982189178467,0.08,-0.005891165022030277,0.6546513884380083,0.00894991745764065,-0.0035366188877951825,0.17096338111220133,0.0029378719572867584
15.650550127029419,0.08,-0.010361152089938904,0.6570489155908155,0.01207028843051447,-0.0028931049756151152,0.17160689502438145,0.00018249901558706205
15.700355529785156,0.08,-0.01771885549752393,0.6622860137472015,0.013455292955237314,-0.0017320199969332783,0.1727679800030626,0.0015675035403099058
15.75056767463684,0.08,-0.018026991127174458,0.6646719492941006,0.013449556536308055,-0.0034065615881699934,0.17109343841182592,0.0015617671213806472
15.800278425216675,0.08,-0.017725745282086834,0.6702972503490036,0.013429053319736955,-0.0033075022727839846,0.17119249772721193,0.0015412639048095478
15.850563764572144,0.08,-0.0181307986764929,0.673122721859209,0.013419007283238527,-0.004010102917334954,0.17048989708266094,0.0015312178683111188
15.901209354400635,0.08,-0.017434487102880994,0.678349401046078,0.013390932053775478,-0.005490862815016123,0.16900913718497979,0.0015031426388480706
15.950777053833008,0.08,-0.017946393554394858,0.6811588543480562,0.01337648026489996,-0.004753216783270627,0.16974678321672523,0.0014886908499725515
16.00031614303589,0.08,-0.018354474575795622,0.6863724048009557,0.013345491059533005,-0.007956664566236973,0.1665433354337589,0.0014577016446055968
16.050759077072144,0.08,-0.017616601700073623,0.6891747127258747,0.013323403013450447,-0.00747001707367037,0.16702998292632554,0.001435613598523039
16.1009042263031,0.08,-0.018922619500499744,0.6943769641956272,0.013286364955656937,-0.008060121004738855,0.1678077712383681,0.0013985755407295297
16.150516748428345,0.08,-0.018503738170788486,0.6967950484196244,0.013264745704542585,-0.009955310746534263,0.16454468925346163,0.0013769562896151777
16.20056915283203,0.08,-0.018481814740963647,0.7024291983352141,0.013210474606938971,-0.009233843337750569,0.16526615666224528,0.0013226851920115634
16.25074553489685,0.08,-0.01886724345613069,0.7052267158216049,0.01318295658744792,-0.010747509180947697,0.1637524908190482,0.0012951671725205116
16.300482034683228,0.08,-0.017902402489335455,0.7104841953782953,0.01312098160921124,-0.011633081018658911,0.16286691898133698,0.001233192194283833
16.35051941871643,0.07728346037071807,-0.01794667088736272,0.7132551345798476,0.013089099822588324,-0.011718794939596227,0.1627812050603996,0.001201310407660916
16.400315284729004,0.07579744509036028,-0.017427727487072105,0.7184748046686144,0.01302112417959811,-0.014539677356561767,0.15996032264343407,0.0011333347646707015
16.45051336288452,0.0751536430550525,-0.01689288464949526,0.7211894080443625,0.012981963088864928,-0.014157334827403714,0.1603426651725921,0.0010941736739375207
16.500674724578857,0.07371848424318736,-0.017186877969589363,0.7261475445943542,0.012909560850105584,-0.015372496358575951,0.15912750364141992,0.01957339838942163
16.55051565170288,0.07310841828677622,-0.016921533565155814,0.7288383254789873,0.012866767394447365,-0.01648919043190285,0.158010809568093,0.016884335199134064
16.600655555725098,0.07178517469220473,-0.016689616129154046,0.7336296553225041,0.012788423126390641,-0.01642445911847036,0.15807554088152556,0.012098170059230064
16.650482654571533,0.07111390764540064,-0.016823150621917207,0.7362078307085255,0.01274572359265952,-0.01683345384890279,0.1576665461510931,0.009525140764298338
16.700234413146973,0.06974010867324751,-0.01645737194776043,0.740942226063088,0.01266268043320301,-0.018023485630045147,0.15647651436995072,0.0048147938648198906
16.75052809715271,0.06916455030999707,-0.01643334330649516,0.74336886380329,0.012618407912098978,-0.018443690013395065,0.1560563099866008,0.0024374679446243106
16.8012535572052,0.06529069498912436,-0.01934930498954412,0.7579162902048728,0.011606314740952944,-0.012093852710108877,0.1554261472898868,0.00028147467397446335
16.850823879241943,0.06462980617642809,-0.019096108541980898,0.7603617207140363,0.011576401219371507,-0.01241638078151828,0.15510361921847737,0.0003113881955559006
16.900677919387817,0.0634358591922296,-0.018723997497778547,0.7646612205362092,0.011519494609288639,-0.013564185734231684,0.153955814265764,0.00036829480563876915
16.95030403137207,0.06283214456908941,-0.018846922375209154,0.7666210124181155,0.01149300933739314,-0.013420315449396375,0.15409968455059928,0.000394780077534268
17.000200986862183,0.061705459581276836,-0.018970578876104382,0.7710880540534033,0.011431037058993898,-0.014350966694390142,0.1531690333056055,0.0004567523559335096
17.05098795890808,0.06111924816599931,-0.018952798616923946,0.7732552655460279,0.011398617083071022,-0.015553552955447827,0.15196644704454784,0.0004891723318563856
17.100563526153564,0.0600517938937203,-0.01846171142207613,0.7772392778540891,0.011335499115774555,-0.015924650097752995,0.15159534990224266,0.0005522902991528522
17.150559663772583,0.05947971926776549,-0.018619112518809496,0.7790601895631941,0.011306791772362296,-0.015538908032183475,0.15198109196781218,0.000580997642565112
17.200329303741455,0.05843163692995976,-0.018977867850358515,0.7832563157102924,0.011239296328299675,-0.0175962076617133,0.1516374460448775,0.0006484930866277328
17.25053858757019,0.05787597249993231,-0.018243176973993757,0.7852975635626938,0.011202163142241733,-0.018717667450285806,0.14880233254970987,0.0006856262726856743
17.30095934867859,0.05686695929592731,-0.018075153606607178,0.7890962336562524,0.011131622751907183,-0.01854280200255375,0.1489771979974419,0.0007561666630202246
17.35035514831543,0.05631928767420034,-0.018230499281675434,0.7908237497983316,0.011099728219513882,-0.01837207540236688,0.14914792459762882,0.0007880611954135253
17.400421380996704,0.055327344842877615,-0.017816481104357174,0.7947831975038305,0.01102129894459658,-0.02163202330923619,0.14588797669075948,0.0008664904703308274
17.45055389404297,0.05480334462278525,-0.017075517565969024,0.7967397010882503,0.010977353298902676,-0.023034368011351565,0.14448563198864403,0.0009104361160247321
17.501289129257202,0.05383983616117582,-0.016898947238718265,0.8003402972163779,0.0108965907562448,-0.021852909333476906,0.14566709066651873,0.0009911986586826071
17.550269603729248,0.05332182049455523,-0.01742026952511676,0.8022488338187769,0.010854630694547868,-0.02223168851249549,0.1452883114875001,0.00103315872037954
17.60031485557556,0.05237996001841962,-0.016915973272553314,0.805754809586356,0.010772194717439787,-0.02535449636320259,0.14216550363679303,0.0011155946974876207
17.650634050369263,0.051878308326990384,-0.016021825961438255,0.8073519029057885,0.01073114955955054,-0.026068384948444642,0.14145161505155102,0.0011566398553768675
17.700958013534546,0.05096033236441096,-0.016312759184847408,0.8110181084752386,0.010637954367687608,-0.0249309051512201,0.14258909484877558,0.0012498350472398
17.75071883201599,0.0504749505468248,-0.01669093732276733,0.8128162643374748,0.010592771264842038,-0.025310741970651723,0.1422092580293439,0.0012950181500853697
17.800941467285156,0.04958583948189192,-0.01650825654921391,0.8161357110414397,0.01050586180834473,-0.027917418942730247,0.1396025810572654,0.001381927606582678
17.8507297039032,0.049110451396607316,-0.015549655793239128,0.8176635065848225,0.010462497310622404,-0.028958991068404494,0.13856100893159118,0.0014252921043050037
17.900288105010986,0.048237734023757896,-0.015607442228938817,0.821124194021002,0.010364103677788727,-0.027827105569343712,0.13969289443065194,0.0015236857371386803
17.950519800186157,0.04778021430373221,-0.016023406594532223,0.8228231650373833,0.010316759131674236,-0.027939362995823065,0.13958063700417256,0.001571030283253172
18.0011088848114,0.0469414956323339,-0.01603024240369746,0.8259601150722423,0.010227398383949898,-0.02929358050128081,0.13822641949871486,0.0016603910309775094
18.05072546005249,0.04649070155891092,-0.015679658753081378,0.8274039246106452,0.010184485183259817,-0.03029888805929158,0.13722111194070408,0.0017033042316675906
18.10105609893799,0.0456601294794201,-0.015172740157084625,0.8307006441280212,0.010083824782578493,-0.030167505603724706,0.13735249439627095,0.0018039646323489145
18.150437831878662,0.045226505833764835,-0.015637388856279275,0.8318495495330643,0.010049101431059748,-0.030266360408207432,0.13725363959178827,0.0018386879838676595
18.200575828552246,0.044434615849804356,-0.015766139139888738,0.83367016060531,0.009993894129399994,-0.030446826357993565,0.1370731736420021,0.0018938952855274138
18.250667095184326,0.044192089651247976,-0.015706799222537725,0.8366384265542086,0.00990163725284579,-0.03195006700245794,0.13556993299753772,0.001986152162081617
18.301273822784424,0.04322022378183278,-0.015194249034122984,0.8397955764245216,0.00979930512181798,-0.03319347630365721,0.13432652369633846,0.002088484293109427
18.350319623947144,0.042801024879959064,-0.014876958404044462,0.8411182245436046,0.00975532339455934,-0.03332537712503871,0.1341946228749569,0.002132466020368068
18.400718450546265,0.04471161109478436,-0.012832671906736032,0.8341455402574837,0.010143584433633057,-0.036833705760904466,0.1341762942390914,0.0017442049812943505
18.450732469558716,0.044310495668949956,-0.012931938454088016,0.8354423827305233,0.01009571991080141,-0.03707681902757182,0.13393318097242402,0.0017920695041259982
18.50067114830017,0.043557472911651185,-0.012807948193912367,0.8385306106132056,0.009979895621987561,-0.037969852803211517,0.13304014719678436,0.0019078937929398465
18.551429986953735,0.04314066874303285,-0.012669932868439406,0.8396539137303897,0.009937193948967638,-0.03813772690634651,0.13287227309364935,0.0063474852891372315
18.600402355194092,0.0423712746602551,-0.012381886131979275,0.8429108094350249,0.009810786000670063,-0.03931533668323481,0.13169466331676108,0.0034729704194062946
18.65081238746643,0.041972067167950336,-0.012296114195147227,0.8441823276806139,0.009760847418978702,-0.039223950846565644,0.13178604915343017,0.0026095617492729547
18.70078182220459,0.041233661024227646,-0.012438937448842252,0.8471675515543654,0.00964286244275639,-0.03987279651325923,0.13113720348673663,0.0022449269721710186
18.750741958618164,0.04083636035058515,-0.012339175600594936,0.8484405469285171,0.009592113729193802,-0.039785244970889075,0.1312247550291068,0.002295675685733606
18.800310134887695,0.04010363054751936,-0.012523888151533874,0.8513598863529855,0.009475102414423148,-0.04076529256644118,0.13024470743355465,0.00241268700050426
18.850654125213623,0.025103630547519358,0.0,0.8525733494310916,0.009425168469158363,-0.04159751982192669,0.12941248017806917,0.002462620945769045
