t,w_rf2o,w_gyro,v_wheel,w_wheel,bx,by,res
1790920089.604,0.0000,0.0000,0.0000,0.0000,-0.0000,0.0000,pass
1790920089.700,0.0000,0.0000,0.0000,0.0000,0.0001,-0.0000,pass
1790920089.828,0.0054,0.0000,0.0000,0.0000,-0.0002,0.0000,pass
1790920090.005,0.0250,0.0000,0.0000,0.0000,0.0060,-0.0003,pass
1790920090.094,-0.1292,0.0000,0.0000,0.0000,-0.0288,0.0013,g1
1790920090.303,0.0000,0.0000,0.0000,0.0000,-0.0001,0.0000,pass
1790920090.507,0.0000,0.0000,0.0000,0.0000,-0.0001,0.0000,pass
1790920090.590,0.0072,0.0000,0.0000,0.0000,-0.0006,0.0000,pass
1790920090.703,0.0000,0.0000,0.0000,0.0000,0.0014,-0.0001,pass
1790920090.817,0.0043,0.0000,0.0000,0.0000,-0.0017,0.0001,pass
1790920090.894,0.0000,0.0000,0.0000,0.0000,0.0002,-0.0000,pass
1790920090.990,0.0000,0.0000,0.0000,0.0000,-0.0000,0.0000,pass
1790920091.102,0.0000,0.0000,0.0000,0.0000,0.0003,-0.0000,pass
1790920091.199,-0.0035,0.0000,0.0000,0.0000,0.0000,-0.0000,pass
1790920091.294,0.0000,0.0000,0.0000,0.0000,0.0001,-0.0000,pass
1790920091.394,0.0000,-0.0001,0.0000,0.0000,-0.0009,0.0000,pass
1790920091.502,0.0045,-0.0004,0.0000,0.0000,0.0012,-0.0001,pass
1790920091.598,-0.0036,-0.0000,0.0000,0.0000,0.0002,-0.0000,pass
1790920091.694,0.0036,-0.0010,0.0000,0.0000,-0.0003,0.0000,pass
1790920091.790,0.0051,-0.0018,0.0000,0.0000,0.0010,-0.0000,pass
1790920091.902,-0.0053,0.0006,0.0000,0.0000,0.0002,-0.0000,pass
1790920091.998,0.0000,0.0010,0.0000,0.0000,-0.0005,0.0000,pass
1790920092.094,0.0000,-0.0044,0.0000,0.0000,-0.0018,0.0001,pass
1790920092.190,0.0000,-0.0010,0.0000,0.0000,0.0005,-0.0000,pass
1790920092.302,0.0043,0.0007,0.0000,0.0000,-0.0000,0.0000,pass
1790920092.398,0.0000,-0.0003,0.0000,0.0000,-0.0000,0.0000,pass
1790920092.494,-0.0036,0.0012,0.0000,0.0000,-0.0006,0.0000,pass
1790920092.590,0.0000,0.0002,0.0000,0.0000,-0.0002,0.0000,pass
1790920092.686,0.0543,0.2556,-0.0010,0.2271,-0.0104,0.0005,pass
1790920092.798,0.2184,0.2681,-0.0020,0.3628,-0.0436,0.0020,pass
1790920092.894,0.2473,0.2287,-0.0010,0.3695,-0.0417,0.0020,pass
1790920092.990,0.2679,0.2082,-0.0016,0.3767,-0.0694,0.0032,pass
1790920093.103,0.2442,0.2965,-0.0006,0.3706,-0.0591,0.0028,pass
1790920093.198,0.2293,0.2644,0.0025,0.3592,-0.0145,0.0007,pass
1790920093.294,0.3022,0.2387,-0.0014,0.3759,-0.0676,0.0032,pass
1790920093.390,0.2737,0.1892,-0.0005,0.3759,-0.0637,0.0030,pass
1790920093.502,0.2415,0.3059,0.0015,0.3687,-0.0361,0.0017,pass
1790920093.598,0.2219,0.3111,-0.0008,0.3799,-0.0476,0.0022,pass
1790920093.694,0.2333,0.2979,0.0025,0.3626,-0.0357,0.0017,pass
1790920093.790,0.3207,0.2749,-0.0012,0.3796,-0.0786,0.0037,pass
1790920093.903,0.2541,0.3026,-0.0012,0.3836,-0.0624,0.0029,pass
1790920093.998,0.2903,0.2693,0.0024,0.3664,-0.0211,0.0010,pass
1790920094.094,0.2764,0.3118,-0.0007,0.3791,-0.0402,0.0019,pass
1790920094.190,0.3175,0.3310,-0.0004,0.3758,-0.0683,0.0032,pass
1790920094.302,0.3098,0.2915,-0.0003,0.3785,-0.0341,0.0016,pass
1790920094.398,0.3127,0.3282,0.0001,0.3803,-0.0040,0.0002,pass
1790920094.494,0.3709,0.3034,-0.0007,0.3838,-0.0134,0.0006,pass
1790920094.590,0.2857,0.2906,-0.0009,0.3813,0.0084,-0.0004,pass
1790920094.702,0.2812,0.3598,0.0006,0.3712,-0.0197,0.0009,pass
1790920094.798,0.3177,0.3154,0.0002,0.3744,-0.0156,0.0007,pass
1790920094.894,0.3382,0.2573,-0.0004,0.3823,-0.0072,0.0003,pass
1790920094.990,0.3203,0.2941,-0.0013,0.3861,-0.0087,0.0004,pass
1790920095.102,0.3265,0.3254,-0.0011,0.3817,-0.0242,0.0011,pass
1790920095.200,0.2504,0.2897,0.0018,0.3685,0.0157,-0.0007,pass
1790920095.294,0.3010,0.3191,-0.0006,0.3776,-0.0181,0.0008,pass
1790920095.394,0.3398,0.2968,-0.0002,0.3807,-0.0843,0.0039,pass
1790920095.486,0.3470,0.3053,-0.0014,0.3852,-0.0151,0.0007,pass
1790920095.598,0.2931,0.3126,-0.0015,0.3839,-0.0076,0.0004,pass
1790920095.694,0.3075,0.3444,0.0004,0.3722,-0.0039,0.0002,pass
1790920095.790,0.3293,0.3521,-0.0000,0.3763,-0.0154,0.0007,pass
1790920095.886,0.3621,0.2885,-0.0008,0.3854,-0.0134,0.0006,pass
1790920095.999,0.3008,0.2559,-0.0005,0.3849,-0.0164,0.0008,pass
1790920096.094,0.2431,0.2779,-0.0007,0.3785,0.0040,-0.0002,pass
1790920096.190,0.3263,0.2927,0.0005,0.3762,-0.0232,0.0011,pass
1790920096.286,0.2882,0.3247,-0.0005,0.3798,-0.0321,0.0015,pass
1790920096.400,0.3040,0.2595,0.0007,0.3771,-0.0350,0.0016,pass
1790920096.494,0.3176,0.2556,-0.0004,0.3848,-0.0114,0.0005,pass
1790920096.590,0.2907,0.2445,-0.0006,0.3845,-0.0096,0.0004,pass
1790920096.686,0.2803,0.2802,0.0012,0.3716,-0.0100,0.0005,pass
1790920096.798,0.2822,0.3149,-0.0005,0.3783,-0.0420,0.0020,pass
1790920096.894,0.2853,0.2533,-0.0000,0.3826,-0.0605,0.0028,pass
1790920096.990,0.2483,0.2901,0.0003,0.3806,-0.0207,0.0010,pass
1790920097.086,0.2883,0.2690,-0.0017,0.3863,-0.0634,0.0030,pass
1790920097.199,0.3444,0.3648,-0.0009,0.3815,-0.0505,0.0024,pass
1790920097.294,0.2854,0.2693,0.0001,0.3778,-0.0190,0.0009,pass
1790920097.390,0.3345,0.2397,0.0013,0.3701,-0.0261,0.0012,pass
1790920097.486,0.2652,0.2368,-0.0001,0.3802,-0.0139,0.0007,pass
1790920097.598,0.2888,0.2555,-0.0012,0.3874,-0.0568,0.0027,pass
1790920097.694,0.2101,0.2581,0.0017,0.3697,-0.0282,0.0013,pass
1790920097.790,0.2848,0.3152,-0.0003,0.3775,-0.0507,0.0024,pass
1790920097.886,0.3136,0.2432,0.0003,0.3789,-0.0637,0.0030,pass
1790920097.998,0.2364,0.2740,-0.0001,0.3786,-0.0258,0.0012,pass
1790920098.094,0.2992,0.2861,-0.0013,0.3853,-0.0642,0.0030,pass
1790920098.190,0.2824,0.2958,0.0020,0.3697,-0.0273,0.0013,pass
1790920098.286,0.2549,-0.0252,-0.0120,0.0543,-0.0397,0.0019,pass
1790920098.382,-0.0980,-0.0002,0.0000,0.0000,0.0103,-0.0005,pass
1790920098.494,0.0044,0.0029,0.0000,0.0000,-0.0043,0.0002,pass
1790920098.590,0.0036,-0.0018,0.0000,0.0000,-0.0021,0.0001,pass
1790920098.686,0.0051,-0.0001,0.0000,0.0000,-0.0041,0.0002,pass
1790920098.782,0.0051,-0.0025,0.0000,0.0000,-0.0045,0.0002,pass
1790920098.894,0.0044,-0.0035,0.0000,0.0000,-0.0009,0.0000,pass
1790920098.990,0.0000,-0.0006,0.0000,0.0000,-0.0033,0.0002,pass
1790920099.086,0.0051,-0.0016,0.0000,0.0000,-0.0027,0.0001,pass
1790920099.182,-0.0062,-0.0004,0.0000,0.0000,0.0011,-0.0001,pass
1790920099.294,0.0069,-0.0018,0.0000,0.0000,-0.0013,0.0001,pass
1790920099.390,0.0000,-0.0011,0.0000,0.0000,-0.0020,0.0001,pass
1790920099.486,0.0036,0.0011,0.0000,0.0000,-0.0000,0.0000,pass
1790920099.582,0.0000,0.0006,0.0000,0.0000,-0.0028,0.0001,pass
1790920099.694,0.0000,-0.0020,0.0000,0.0000,0.0005,-0.0000,pass
1790920099.694,0.0000,0.0002,0.0000,0.0000,0.0005,-0.0000,pass
1790920099.886,0.0036,-0.0006,0.0000,0.0000,-0.0004,0.0000,pass
1790920099.982,0.0000,0.0008,0.0000,0.0000,0.0005,-0.0000,pass
1790920100.094,-0.0062,-0.0014,0.0000,0.0000,-0.0007,0.0000,pass
1790920100.190,0.0000,-0.0000,0.0000,0.0000,0.0012,-0.0001,pass
1790920100.286,0.0051,0.0007,0.0000,0.0000,0.0005,-0.0000,pass
1790920100.382,0.0062,-0.0009,0.0000,0.0000,-0.0010,0.0000,pass
1790920100.494,-0.0062,0.0024,0.0000,0.0000,0.0001,-0.0000,pass
1790920100.590,0.0000,0.0007,0.0000,0.0000,-0.0002,0.0000,pass
1790920100.686,-0.0051,0.0008,0.0000,0.0000,0.0003,-0.0000,pass
1790920100.782,0.0000,0.0005,0.0000,0.0000,0.0012,-0.0001,pass
1790920100.894,0.0000,-0.1523,0.0015,-0.1177,0.0000,-0.0000,pass
1790920100.990,-0.1779,-0.4125,0.0015,-0.3547,0.0197,-0.0009,pass
1790920101.086,-0.4043,-0.3704,0.0009,-0.3673,0.0216,-0.0010,pass
1790920101.182,-0.3966,-0.3118,0.0016,-0.3707,0.0034,-0.0002,pass
1790920101.294,-0.3119,-0.3019,0.0013,-0.3776,-0.0042,0.0002,pass
1790920101.390,-0.2992,-0.3822,0.0017,-0.3749,-0.0208,0.0010,pass
1790920101.486,-0.3688,-0.3996,0.0022,-0.3663,0.0044,-0.0002,pass
1790920101.583,-0.4113,-0.3801,0.0002,-0.3731,0.0048,-0.0002,pass
1790920101.694,-0.3824,-0.3804,0.0003,-0.3773,-0.0034,0.0002,pass
1790920101.790,-0.3338,-0.4098,0.0003,-0.3757,-0.0146,0.0007,pass
1790920101.886,-0.4055,-0.3853,0.0007,-0.3768,0.0130,-0.0006,pass
1790920101.996,-0.3813,-0.4346,0.0011,-0.3773,0.0085,-0.0004,pass
1790920102.088,-0.3825,-0.3971,-0.0003,-0.3772,0.0033,-0.0002,pass
1790920102.190,-0.4372,-0.4005,-0.0001,-0.3798,0.0157,-0.0007,pass
1790920102.286,-0.4077,-0.4001,0.0011,-0.3827,-0.0082,0.0004,pass
1790920102.383,-0.4053,-0.4280,0.0005,-0.3803,-0.0057,0.0003,pass
1790920102.500,-0.3669,-0.4409,0.0013,-0.3749,-0.0007,0.0000,pass
1790920102.590,-0.4187,-0.4130,0.0006,-0.3801,-0.0099,0.0005,pass
1790920102.686,-0.4320,-0.2799,-0.0002,-0.3799,-0.0063,0.0003,pass
1790920102.782,-0.2566,-0.3951,0.0014,-0.3725,-0.0365,0.0017,pass
1790920102.894,-0.3079,-0.4388,0.0000,-0.3789,-0.0373,0.0017,pass
1790920102.990,-0.3922,-0.2619,0.0020,-0.3658,-0.0199,0.0009,pass
1790920103.086,-0.3020,-0.2787,-0.0012,-0.3783,-0.0282,0.0013,pass
1790920103.194,-0.3286,-0.2524,-0.0004,-0.3773,-0.0297,0.0014,pass
1790920103.294,-0.2429,-0.3878,0.0020,-0.3667,-0.0494,0.0023,pass
1790920103.390,-0.3029,-0.3993,-0.0002,-0.3795,-0.0419,0.0020,pass
1790920103.486,-0.4104,-0.4358,-0.0008,-0.3797,-0.0205,0.0010,pass
1790920103.583,-0.4444,-0.4171,0.0001,-0.3821,0.0033,-0.0002,pass
1790920103.694,-0.4208,-0.3984,-0.0006,-0.3838,0.0090,-0.0004,pass
1790920103.803,-0.3897,-0.4420,-0.0003,-0.3843,-0.0054,0.0003,pass
1790920103.886,-0.3479,-0.3284,0.0022,-0.3697,-0.0320,0.0015,pass
1790920103.982,-0.3425,-0.4127,-0.0006,-0.3861,-0.0065,0.0003,pass
1790920104.078,-0.4233,-0.4295,-0.0010,-0.3844,-0.0161,0.0008,pass
1790920104.190,-0.4175,-0.3600,-0.0005,-0.3817,0.0138,-0.0006,pass
1790920104.286,-0.2852,-0.4418,0.0026,-0.3701,-0.0473,0.0022,pass
1790920104.382,-0.3443,-0.4663,-0.0006,-0.3812,-0.0251,0.0012,pass
1790920104.478,-0.4896,-0.4531,0.0004,-0.3785,0.0114,-0.0005,pass
1790920104.590,-0.4628,-0.2862,0.0016,-0.3723,0.0219,-0.0010,pass
1790920104.686,-0.2727,-0.3244,-0.0005,-0.3751,-0.0661,0.0031,pass
1790920104.783,-0.4217,-0.4800,-0.0014,-0.3842,-0.0080,0.0004,pass
1790920104.878,-0.4966,-0.5667,0.0005,-0.3838,0.0149,-0.0007,pass
1790920104.990,-0.4639,-0.4949,0.0010,-0.3812,0.0159,-0.0007,pass
1790920105.086,-0.5081,-0.4508,-0.0002,-0.3838,0.0072,-0.0003,pass
1790920105.182,-0.4484,-0.0666,-0.0025,-0.1782,-0.0128,0.0006,pass
1790920105.278,-0.1352,0.0044,0.0000,0.0000,-0.1116,0.0052,g2
1790920105.374,-0.0135,0.0001,0.0000,0.0000,-0.0019,0.0001,pass
1790920105.486,-0.0062,0.0008,0.0000,0.0000,-0.0006,0.0000,pass
1790920105.582,-0.0080,0.0006,0.0000,0.0000,0.0001,-0.0000,pass
1790920105.678,0.0000,0.0014,0.0000,0.0000,0.0006,-0.0000,pass
1790920105.774,-0.0051,0.0001,0.0000,0.0000,-0.0011,0.0001,pass
1790920105.886,0.0000,0.0018,0.0000,0.0000,-0.0018,0.0001,pass
1790920105.986,-0.0034,-0.0022,0.0000,0.0000,0.0025,-0.0001,pass
1790920106.080,-0.0063,0.0007,0.0000,0.0000,-0.0017,0.0001,pass
1790920106.190,0.0000,0.0011,0.0000,0.0000,-0.0005,0.0000,pass
1790920106.286,-0.0051,-0.0005,0.0000,0.0000,0.0003,-0.0000,pass
1790920106.382,-0.0051,0.0023,0.0000,0.0000,-0.0001,0.0000,pass
1790920106.478,0.0062,0.0001,0.0000,0.0000,0.0002,-0.0000,pass
1790920106.574,0.0000,-0.0005,0.0000,0.0000,-0.0011,0.0001,pass
1790920106.686,-0.0031,0.0017,0.0000,0.0000,0.0017,-0.0001,pass
1790920106.782,0.0000,-0.0002,0.0000,0.0000,0.0001,-0.0000,pass
1790920106.878,0.0000,-0.0001,0.0000,0.0000,-0.0014,0.0001,pass
1790920106.974,0.0000,-0.0011,0.0000,0.0000,0.0004,-0.0000,pass
1790920107.086,0.0000,0.0011,0.0000,0.0000,0.0015,-0.0001,pass
1790920107.182,-0.0036,0.0008,0.0000,0.0000,-0.0014,0.0001,pass
1790920107.278,0.0000,0.0006,0.0000,0.0000,0.0009,-0.0000,pass
1790920107.374,0.0000,0.0015,0.0000,0.0000,0.0001,-0.0000,pass
1790920107.486,0.0000,-0.0010,0.0000,0.0000,-0.0009,0.0000,pass
1790920107.582,0.0051,-0.0009,0.0000,0.0000,0.0019,-0.0001,pass
1790920107.678,-0.0051,-0.0009,0.0000,0.0000,-0.0011,0.0000,pass
1790920107.774,0.0000,0.0678,-0.0004,0.0772,0.0008,-0.0000,pass
1790920107.886,0.1648,0.5426,-0.0014,0.3361,-0.0339,0.0016,pass
1790920107.982,0.4762,0.5208,-0.0021,0.3774,-0.0906,0.0042,pass
1790920108.078,0.5377,0.5190,-0.0012,0.3799,-0.0052,0.0002,pass
1790920108.174,0.5521,0.4672,-0.0004,0.3766,-0.0081,0.0004,pass
1790920108.287,0.4903,0.4674,-0.0015,0.3780,-0.0125,0.0006,pass
1790920108.382,0.4651,0.4799,-0.0011,0.3767,0.0200,-0.0009,pass
1790920108.478,0.4975,0.4670,-0.0004,0.3784,0.0033,-0.0002,pass
1790920108.596,0.4561,0.4211,-0.0010,0.3808,-0.0257,0.0012,pass
1790920108.686,0.3747,0.3950,-0.0006,0.3760,0.0329,-0.0015,pass
1790920108.782,0.4673,0.4292,-0.0005,0.3758,-0.0127,0.0006,pass
1790920108.878,0.4173,0.4344,-0.0008,0.3794,-0.0037,0.0002,pass
1790920108.974,0.4266,0.3520,0.0002,0.3763,-0.0057,0.0003,pass
1790920109.087,0.3262,0.3726,-0.0001,0.3786,-0.0014,0.0001,pass
1790920109.182,0.3909,0.3543,0.0002,0.3762,-0.0070,0.0003,pass
1790920109.279,0.3771,0.3890,0.0001,0.3744,0.0032,-0.0002,pass
1790920109.374,0.3887,0.3385,-0.0003,0.3734,-0.0082,0.0004,pass
1790920109.486,0.3525,0.3575,-0.0001,0.3793,-0.0003,0.0000,pass
1790920109.582,0.3502,0.3398,-0.0003,0.3822,-0.0025,0.0001,pass
1790920109.678,0.3731,0.3357,-0.0003,0.3744,-0.0000,0.0000,pass
1790920109.774,0.3742,0.3774,0.0001,0.3739,-0.0028,0.0001,pass
1790920109.886,0.3595,0.4019,-0.0004,0.3758,-0.0097,0.0005,pass
1790920109.982,0.3922,0.3511,-0.0001,0.3802,-0.0072,0.0003,pass
1790920110.080,0.3698,0.3570,-0.0004,0.3819,-0.0077,0.0004,pass
1790920110.178,0.3891,0.3358,-0.0003,0.3817,-0.0074,0.0003,pass
1790920110.285,0.3512,0.3867,-0.0000,0.3760,0.0034,-0.0002,pass
1790920110.382,0.3599,0.3735,0.0012,0.3709,-0.0027,0.0001,pass
1790920110.478,0.3907,0.2994,0.0010,0.3751,-0.0078,0.0004,pass
1790920110.574,0.3603,0.3364,0.0004,0.3795,-0.0032,0.0001,pass
1790920110.686,0.3445,0.3898,0.0007,0.3766,-0.0143,0.0007,pass
1790920110.782,0.3387,0.3744,0.0016,0.3722,0.0075,-0.0003,pass
1790920110.878,0.3760,0.3710,-0.0003,0.3776,-0.0235,0.0011,pass
1790920110.974,0.4050,0.3999,0.0001,0.3773,-0.0074,0.0003,pass
1790920111.070,0.4391,0.4064,-0.0001,0.3831,-0.0102,0.0005,pass
1790920111.182,0.4041,0.4143,0.0000,0.3825,-0.0090,0.0004,pass
1790920111.278,0.4180,0.4237,0.0008,0.3753,0.0145,-0.0007,pass
1790920111.374,0.4605,0.3853,0.0006,0.3737,-0.0006,0.0000,pass
1790920111.486,0.3882,0.2898,0.0004,0.3769,0.0022,-0.0001,pass
1790920111.582,0.3274,0.4017,-0.0004,0.3820,0.0181,-0.0008,pass
1790920111.678,0.3980,0.4298,-0.0001,0.3803,-0.0104,0.0005,pass
1790920111.790,0.4124,0.4219,0.0006,0.3771,-0.0077,0.0004,pass
1790920111.886,0.4177,0.0512,-0.0040,0.2237,-0.0080,0.0004,pass
1790920111.982,-0.0095,-0.0016,0.0000,0.0000,0.0779,-0.0036,g1
1790920112.078,0.0080,0.0006,0.0000,0.0000,0.0013,-0.0001,pass
1790920112.174,0.0036,0.0023,0.0000,0.0000,0.0012,-0.0001,pass
1790920112.270,0.0062,0.0010,0.0000,0.0000,0.0023,-0.0001,pass
1790920112.382,0.0000,0.0003,0.0000,0.0000,-0.0002,0.0000,pass
1790920112.478,0.0000,0.0002,0.0000,0.0000,-0.0006,0.0000,pass
1790920112.574,0.0000,-0.0026,0.0000,0.0000,-0.0040,0.0002,pass
1790920112.670,-0.0051,-0.0003,0.0000,0.0000,-0.0000,0.0000,pass
1790920112.782,0.0000,-0.0002,0.0000,0.0000,-0.0017,0.0001,pass
1790920112.878,0.0000,-0.0004,0.0000,0.0000,-0.0010,0.0000,pass
1790920112.974,0.0000,-0.0006,0.0000,0.0000,-0.0022,0.0001,pass
1790920113.086,0.0000,-0.0016,0.0000,0.0000,-0.0008,0.0000,pass
1790920113.182,0.0000,-0.0011,0.0000,0.0000,-0.0006,0.0000,pass
1790920113.278,0.0000,-0.0004,0.0000,0.0000,-0.0007,0.0000,pass
1790920113.374,0.0000,-0.0004,0.0000,0.0000,0.0007,-0.0000,pass
1790920113.470,0.0000,0.0006,0.0000,0.0000,-0.0011,0.0000,pass
1790920113.582,0.0000,0.0002,0.0000,0.0000,-0.0004,0.0000,pass
1790920113.680,-0.0050,0.0015,0.0000,0.0000,-0.0001,0.0000,pass
1790920113.774,-0.0037,-0.0005,0.0000,0.0000,-0.0006,0.0000,pass
1790920113.870,0.0072,0.0017,0.0000,0.0000,-0.0004,0.0000,pass
1790920113.982,0.0000,0.0014,0.0000,0.0000,0.0000,-0.0000,pass
1790920114.078,0.0000,0.0002,0.0000,0.0000,-0.0012,0.0001,pass
1790920114.174,-0.0036,-0.0007,0.0000,0.0000,-0.0000,0.0000,pass
1790920114.270,0.0000,0.0007,0.0000,0.0000,0.0000,-0.0000,pass
1790920114.382,0.0000,0.0014,0.0000,0.0000,-0.0000,0.0000,pass
1790920114.478,-0.0036,-0.0207,0.0000,0.0000,0.0005,-0.0000,pass
1790920114.574,-0.0633,-0.4493,0.0006,-0.3223,0.0080,-0.0004,pass
1790920114.670,-0.3201,-0.5104,0.0010,-0.3691,0.0310,-0.0015,pass
1790920114.782,-0.3977,-0.4688,0.0020,-0.3741,0.0053,-0.0002,pass
1790920114.878,-0.4802,-0.2748,0.0019,-0.3701,0.0088,-0.0004,pass
1790920114.974,-0.2638,-0.3125,0.0001,-0.3764,-0.0322,0.0015,pass
1790920115.070,-0.4131,-0.4919,0.0007,-0.3724,-0.0194,0.0009,pass
1790920115.182,-0.4008,-0.4897,0.0010,-0.3773,0.0106,-0.0005,pass
1790920115.278,-0.4628,-0.4224,0.0014,-0.3739,0.0082,-0.0004,pass
1790920115.374,-0.4628,-0.4230,0.0010,-0.3780,-0.0046,0.0002,pass
1790920115.470,-0.4376,-0.4157,-0.0003,-0.3767,-0.0076,0.0004,pass
1790920115.582,-0.3927,-0.4701,-0.0001,-0.3748,-0.0042,0.0002,pass
1790920115.678,-0.3876,-0.4409,0.0013,-0.3769,-0.0157,0.0007,pass
1790920115.776,-0.4431,-0.4004,0.0004,-0.3776,-0.0050,0.0002,pass
1790920115.870,-0.4192,-0.2833,0.0005,-0.3770,-0.0086,0.0004,pass
1790920115.982,-0.3294,-0.3179,-0.0009,-0.3760,-0.0195,0.0009,pass
1790920116.078,-0.3035,-0.3467,0.0000,-0.3773,-0.0301,0.0014,pass
1790920116.174,-0.2988,-0.3142,0.0022,-0.3675,-0.0204,0.0010,pass
1790920116.270,-0.3338,-0.3134,-0.0004,-0.3801,-0.0293,0.0014,pass
1790920116.382,-0.3179,-0.2852,0.0008,-0.3757,-0.0306,0.0014,pass
1790920116.478,-0.2799,-0.2845,-0.0006,-0.3780,-0.0331,0.0015,pass
1790920116.574,-0.3310,-0.3928,-0.0007,-0.3802,-0.0489,0.0023,pass
1790920116.670,-0.3871,-0.3978,0.0011,-0.3758,-0.0059,0.0003,pass
1790920116.782,-0.3515,-0.3445,0.0018,-0.3765,-0.0093,0.0004,pass
1790920116.881,-0.3353,-0.3396,-0.0008,-0.3806,-0.0286,0.0013,pass
1790920116.974,-0.3738,-0.3884,-0.0007,-0.3830,-0.0267,0.0012,pass
1790920117.070,-0.3876,-0.4320,-0.0001,-0.3824,-0.0098,0.0005,pass
1790920117.182,-0.3802,-0.4389,-0.0005,-0.3815,-0.0065,0.0003,pass
1790920117.278,-0.4139,-0.3941,0.0008,-0.3812,-0.0126,0.0006,pass
1790920117.374,-0.4076,-0.4096,0.0002,-0.3831,-0.0117,0.0005,pass
1790920117.470,-0.4263,-0.4323,-0.0007,-0.3820,-0.0082,0.0004,pass
1790920117.582,-0.4048,-0.4475,-0.0007,-0.3822,0.0001,-0.0000,pass
1790920117.678,-0.3922,-0.4333,0.0025,-0.3722,-0.0191,0.0009,pass
1790920117.774,-0.3912,-0.4600,0.0001,-0.3805,-0.0270,0.0013,pass
1790920117.871,-0.5205,-0.4265,-0.0004,-0.3830,0.0188,-0.0009,pass
1790920117.982,-0.4650,-0.3683,0.0005,-0.3801,0.0055,-0.0003,pass
1790920118.078,-0.3487,-0.4625,-0.0004,-0.3757,-0.0473,0.0022,pass
1790920118.174,-0.4662,-0.5627,-0.0006,-0.3815,-0.0003,0.0000,pass
1790920118.271,-0.5554,-0.5555,0.0010,-0.3868,0.0323,-0.0015,pass
1790920118.366,-0.5784,-0.4689,0.0011,-0.3843,-0.0000,0.0000,pass
1790920118.479,-0.4716,-0.4564,-0.0003,-0.3852,-0.0005,0.0000,pass
1790920118.574,-0.3836,0.0332,0.0000,0.0000,-0.0319,0.0015,pass
1790920118.670,-0.0379,0.0022,0.0000,0.0000,-0.1019,0.0048,g2
1790920118.766,-0.0108,0.0016,0.0000,0.0000,-0.0009,0.0000,pass
1790920118.878,-0.0053,0.0006,0.0000,0.0000,-0.0012,0.0001,pass
1790920118.974,-0.0051,0.0006,0.0000,0.0000,0.0002,-0.0000,pass
1790920119.070,-0.0036,-0.0009,0.0000,0.0000,-0.0012,0.0001,pass
1790920119.165,-0.0072,-0.0011,0.0000,0.0000,0.0003,-0.0000,pass
1790920119.278,0.0000,-0.0024,0.0000,0.0000,-0.0008,0.0000,pass
1790920119.374,0.0036,0.0002,0.0000,0.0000,-0.0011,0.0000,pass
1790920119.470,-0.0080,0.0000,0.0000,0.0000,-0.0008,0.0000,pass
1790920119.566,0.0000,-0.0011,0.0000,0.0000,-0.0003,0.0000,pass
1790920119.678,0.0000,0.0005,0.0000,0.0000,-0.0002,0.0000,pass
1790920119.774,0.0000,0.0004,0.0000,0.0000,0.0003,-0.0000,pass
1790920119.870,-0.0036,-0.0002,0.0000,0.0000,0.0001,-0.0000,pass
1790920119.966,0.0000,-0.0007,0.0000,0.0000,0.0003,-0.0000,pass
1790920120.078,0.0000,-0.0010,0.0000,0.0000,-0.0002,0.0000,pass
1790920120.174,0.0000,-0.0028,0.0000,0.0000,0.0002,-0.0000,pass
1790920120.270,-0.0051,0.0012,0.0000,0.0000,-0.0009,0.0000,pass
1790920120.366,0.0051,-0.0003,0.0000,0.0000,-0.0006,0.0000,pass
1790920120.478,0.0000,0.0011,0.0000,0.0000,-0.0002,0.0000,pass
1790920120.574,0.0000,-0.0007,0.0000,0.0000,0.0004,-0.0000,pass
1790920120.670,0.0000,0.0004,0.0000,0.0000,0.0005,-0.0000,pass
1790920120.766,0.0036,0.0003,0.0000,0.0000,-0.0009,0.0000,pass
1790920120.879,-0.0031,0.0002,0.0000,0.0000,0.0000,-0.0000,pass
1790920120.974,0.0000,-0.0006,0.0000,0.0000,-0.0003,0.0000,pass
1790920121.070,0.0000,0.0007,0.0000,0.0000,0.0007,-0.0000,pass
1790920121.166,0.0000,0.3790,-0.0018,0.2397,-0.0003,0.0000,pass
1790920121.262,0.2588,0.5858,-0.0011,0.3614,-0.0332,0.0016,pass
1790920121.374,0.5201,0.5132,-0.0010,0.3756,-0.0328,0.0015,pass
1790920121.470,0.5290,0.4577,-0.0014,0.3792,-0.0050,0.0002,pass
1790920121.566,0.5253,0.4347,-0.0012,0.3776,-0.0003,0.0000,pass
1790920121.678,0.4442,0.4408,-0.0011,0.3777,0.0040,-0.0002,pass
1790920121.774,0.4161,0.5042,-0.0012,0.3800,0.0205,-0.0010,pass
1790920121.870,0.5309,0.4806,-0.0000,0.3757,-0.0291,0.0014,pass
1790920121.966,0.4518,0.3768,-0.0003,0.3766,0.0118,-0.0006,pass
1790920122.078,0.4415,0.3572,-0.0013,0.3786,-0.0114,0.0005,pass
1790920122.174,0.3426,0.3965,-0.0005,0.3774,0.0264,-0.0012,pass
1790920122.270,0.4219,0.4387,-0.0005,0.3808,-0.0016,0.0001,pass
1790920122.366,0.4317,0.4309,0.0003,0.3758,-0.0022,0.0001,pass
1790920122.468,0.4327,0.3683,0.0002,0.3739,-0.0160,0.0007,pass
1790920122.574,0.3912,0.3552,-0.0003,0.3769,0.0042,-0.0002,pass
1790920122.670,0.3494,0.3232,-0.0006,0.3793,0.0106,-0.0005,pass
1790920122.766,0.3552,0.3996,-0.0003,0.3784,-0.0010,0.0000,pass
1790920122.862,0.4260,0.4199,0.0005,0.3720,-0.0162,0.0008,pass
1790920122.974,0.3400,0.2596,0.0020,0.3663,-0.0103,0.0005,pass
1790920123.070,0.2712,0.2690,0.0003,0.3694,0.0083,-0.0004,pass
1790920123.166,0.2874,0.2684,-0.0014,0.3757,-0.0649,0.0030,pass
1790920123.263,0.2915,0.4638,-0.0009,0.3804,-0.0672,0.0031,pass
1790920123.374,0.3727,0.2623,0.0015,0.3715,-0.0475,0.0022,pass
1790920123.473,0.2692,0.3283,-0.0010,0.3773,0.0073,-0.0003,pass
1790920123.566,0.4026,0.3584,-0.0000,0.3789,-0.0755,0.0035,pass
1790920123.662,0.3775,0.3828,-0.0002,0.3844,-0.0135,0.0006,pass
1790920123.774,0.4194,0.4261,-0.0005,0.3853,-0.0120,0.0006,pass
1790920123.870,0.4067,0.4633,0.0020,0.3709,-0.0030,0.0001,pass
1790920123.966,0.4618,0.3730,0.0006,0.3782,-0.0172,0.0008,pass
1790920124.062,0.4075,0.3279,0.0002,0.3775,-0.0003,0.0000,pass
1790920124.174,0.4067,0.3987,-0.0010,0.3832,-0.0062,0.0003,pass
1790920124.270,0.3736,0.4437,-0.0001,0.3810,0.0031,-0.0001,pass
1790920124.367,0.4456,0.5120,0.0003,0.3804,-0.0239,0.0011,pass
1790920124.462,0.5330,0.4606,0.0004,0.3777,-0.0208,0.0010,pass
1790920124.574,0.4094,0.4179,0.0005,0.3781,-0.0015,0.0001,pass
1790920124.670,0.4345,0.3966,-0.0008,0.3829,0.0035,-0.0002,pass
1790920124.766,0.4484,0.4875,-0.0011,0.3835,0.0000,-0.0000,pass
1790920124.862,0.5111,0.5202,0.0006,0.3780,-0.0198,0.0009,pass
1790920124.974,0.4453,0.5264,0.0005,0.3795,0.0026,-0.0001,pass
1790920125.070,0.5065,0.4455,-0.0002,0.3833,-0.0016,0.0001,pass
1790920125.166,0.4210,-0.0257,0.0000,0.0000,0.0155,-0.0007,pass
1790920125.262,0.0317,-0.0037,0.0000,0.0000,0.0348,-0.0016,g2
1790920125.374,0.0176,-0.0006,0.0000,0.0000,-0.0051,0.0002,pass
1790920125.470,0.0072,-0.0003,0.0000,0.0000,-0.0033,0.0002,pass
1790920125.566,0.0062,-0.0010,0.0000,0.0000,-0.0013,0.0001,pass
1790920125.662,0.0080,-0.0001,0.0000,0.0000,-0.0027,0.0001,pass
1790920125.758,0.0036,-0.0009,0.0000,0.0000,-0.0007,0.0000,pass
1790920125.870,0.0031,-0.0010,0.0000,0.0000,0.0004,-0.0000,pass
1790920125.966,0.0036,0.0011,0.0000,0.0000,-0.0001,0.0000,pass
1790920126.062,0.0088,0.0008,0.0000,0.0000,-0.0021,0.0001,pass
1790920126.158,0.0000,-0.0018,0.0000,0.0000,-0.0003,0.0000,pass
1790920126.270,0.0053,0.0010,0.0000,0.0000,-0.0004,0.0000,pass
1790920126.366,0.0000,0.0018,0.0000,0.0000,-0.0012,0.0001,pass
1790920126.462,0.0000,0.0003,0.0000,0.0000,-0.0005,0.0000,pass
1790920126.558,0.0000,-0.0011,0.0000,0.0000,-0.0005,0.0000,pass
1790920126.670,0.0000,-0.0012,0.0000,0.0000,-0.0006,0.0000,pass
1790920126.766,0.0036,0.0002,0.0000,0.0000,-0.0004,0.0000,pass
1790920126.862,0.0000,-0.0012,0.0000,0.0000,0.0022,-0.0001,pass
1790920126.960,0.0000,-0.0005,0.0000,0.0000,0.0011,-0.0001,pass
1790920127.070,0.0000,-0.0011,0.0000,0.0000,-0.0010,0.0000,pass
1790920127.166,0.0000,-0.0017,0.0000,0.0000,0.0008,-0.0000,pass
1790920127.262,0.0000,-0.0014,0.0000,0.0000,-0.0000,0.0000,pass
1790920127.358,0.0051,0.0006,0.0000,0.0000,-0.0004,0.0000,pass
1790920127.470,0.0000,0.0012,0.0000,0.0000,0.0011,-0.0000,pass
1790920127.566,0.0000,-0.0020,0.0000,0.0000,-0.0010,0.0000,pass
1790920127.662,0.0000,-0.1108,-0.0027,-0.0124,0.0002,-0.0000,pass
1790920127.758,-0.0555,-0.4972,0.0022,-0.3437,0.0088,-0.0004,pass
1790920127.870,-0.3908,-0.3099,0.0013,-0.3733,0.0245,-0.0011,pass
1790920127.966,-0.2595,-0.3735,0.0003,-0.3741,-0.0206,0.0010,pass
1790920128.062,-0.3890,-0.5218,0.0015,-0.3698,-0.0146,0.0007,pass
1790920128.158,-0.4738,-0.4700,0.0015,-0.3726,0.0022,-0.0001,pass
1790920128.270,-0.4249,-0.3639,0.0012,-0.3778,-0.0021,0.0001,pass
1790920128.366,-0.3879,-0.4012,0.0008,-0.3779,-0.0137,0.0006,pass
1790920128.462,-0.4103,-0.5482,0.0002,-0.3719,-0.0029,0.0001,pass
1790920128.558,-0.5348,-0.4977,0.0005,-0.3788,0.0257,-0.0012,pass
1790920128.670,-0.4006,-0.4208,0.0015,-0.3779,-0.0053,0.0002,pass
1790920128.766,-0.4272,-0.3588,0.0009,-0.3821,-0.0114,0.0005,pass
1790920128.862,-0.3870,-0.4118,0.0003,-0.3779,-0.0140,0.0007,pass
1790920128.958,-0.4769,-0.5094,0.0003,-0.3811,0.0046,-0.0002,pass
1790920129.070,-0.4121,-0.4526,0.0012,-0.3760,0.0079,-0.0004,pass
1790920129.166,-0.4094,-0.4493,0.0001,-0.3744,-0.0184,0.0009,pass
1790920129.262,-0.4322,-0.3212,0.0007,-0.3800,-0.0187,0.0009,pass
1790920129.358,-0.3567,-0.3480,0.0001,-0.3812,-0.0177,0.0008,pass
1790920129.470,-0.4023,-0.4635,-0.0007,-0.3757,-0.0076,0.0004,pass
1790920129.566,-0.3672,-0.4866,0.0005,-0.3711,-0.0084,0.0004,pass
1790920129.662,-0.4892,-0.4422,-0.0001,-0.3771,-0.0152,0.0007,pass
1790920129.758,-0.3815,-0.3682,0.0006,-0.3788,-0.0189,0.0009,pass
1790920129.870,-0.4269,-0.3193,-0.0001,-0.3819,-0.0000,0.0000,pass
1790920129.966,-0.3244,-0.4684,-0.0002,-0.3806,-0.0196,0.0009,pass
1790920130.062,-0.4870,-0.5157,0.0002,-0.3756,0.0022,-0.0001,pass
1790920130.158,-0.4564,-0.4385,0.0004,-0.3760,-0.0000,0.0000,pass
1790920130.270,-0.4270,-0.3424,0.0006,-0.3851,-0.0046,0.0002,pass
1790920130.366,-0.3491,-0.3634,-0.0002,-0.3849,-0.0286,0.0013,pass
1790920130.462,-0.3711,-0.4739,-0.0009,-0.3790,-0.0165,0.0008,pass
1790920130.558,-0.5035,-0.5588,-0.0004,-0.3804,0.0174,-0.0008,pass
1790920130.670,-0.4269,-0.4954,0.0006,-0.3809,0.0075,-0.0004,pass
1790920130.766,-0.4579,-0.2391,0.0016,-0.3715,-0.0155,0.0007,pass
1790920130.862,-0.2672,-0.3516,-0.0003,-0.3799,-0.0526,0.0025,pass
1790920130.958,-0.4227,-0.4914,-0.0010,-0.3822,-0.0080,0.0004,pass
1790920131.054,-0.5621,-0.5397,0.0005,-0.3795,0.0365,-0.0017,pass
1790920131.166,-0.4106,-0.4551,0.0002,-0.3749,0.0009,-0.0000,pass
1790920131.262,-0.4206,-0.4487,-0.0002,-0.3793,-0.0264,0.0012,pass
1790920131.361,-0.4729,-0.3875,0.0007,-0.3842,-0.0004,0.0000,pass
1790920131.454,-0.4691,-0.4658,0.0002,-0.3839,-0.0143,0.0007,pass
1790920131.566,-0.3672,-0.0039,0.0000,0.0000,-0.0125,0.0006,pass
1790920131.674,-0.0196,-0.0017,0.0000,0.0000,-0.0866,0.0041,g2
1790920131.758,-0.0123,0.0036,0.0000,0.0000,0.0013,-0.0001,pass
1790920131.854,-0.0088,0.0001,0.0000,0.0000,-0.0002,0.0000,pass
1790920131.950,-0.0072,-0.0017,0.0000,0.0000,-0.0000,0.0000,pass
1790920132.062,-0.0043,-0.0011,0.0000,0.0000,-0.0008,0.0000,pass
1790920132.158,-0.0051,0.0011,0.0000,0.0000,0.0008,-0.0000,pass
1790920132.254,0.0000,0.0004,0.0000,0.0000,-0.0005,0.0000,pass
1790920132.366,-0.0069,0.0018,0.0000,0.0000,0.0004,-0.0000,pass
1790920132.462,0.0000,-0.0004,0.0000,0.0000,0.0003,-0.0000,pass
1790920132.558,-0.0051,-0.0006,0.0000,0.0000,-0.0005,0.0000,pass
1790920132.654,-0.0051,-0.0002,0.0000,0.0000,-0.0007,0.0000,pass
1790920132.766,0.0000,-0.0004,0.0000,0.0000,-0.0008,0.0000,pass
1790920132.862,0.0000,0.0003,0.0000,0.0000,-0.0011,0.0000,pass
1790920132.958,-0.0051,0.0003,0.0000,0.0000,0.0006,-0.0000,pass
1790920133.054,0.0051,-0.0003,0.0000,0.0000,-0.0002,0.0000,pass
1790920133.166,-0.0043,0.0009,0.0000,0.0000,-0.0003,0.0000,pass
1790920133.262,0.0000,-0.0014,0.0000,0.0000,0.0000,-0.0000,pass
1790920133.358,0.0088,0.0008,0.0000,0.0000,-0.0012,0.0001,pass
1790920133.454,-0.0072,0.0002,0.0000,0.0000,0.0001,-0.0000,pass
1790920133.566,-0.0053,0.0006,0.0000,0.0000,-0.0000,0.0000,pass
1790920133.662,0.0072,-0.0005,0.0000,0.0000,0.0001,-0.0000,pass
1790920133.758,-0.0051,0.0019,0.0000,0.0000,-0.0003,0.0000,pass
1790920133.854,0.0062,-0.0005,0.0000,0.0000,0.0003,-0.0000,pass
1790920133.966,0.0000,0.0000,0.0000,0.0000,0.0001,-0.0000,pass
1790920134.062,-0.0036,0.0004,0.0000,0.0000,0.0005,-0.0000,pass
1790920134.158,0.0000,-0.0007,0.0000,0.0000,-0.0006,0.0000,pass
1790920134.254,0.0062,0.0006,0.0000,0.0000,-0.0003,0.0000,pass
1790920134.350,0.0036,-0.0001,0.0000,0.0000,0.0006,-0.0000,pass
1790920134.462,0.0031,-0.0006,0.0000,0.0000,0.0000,-0.0000,pass
1790920134.558,0.0000,-0.0003,0.0000,0.0000,-0.0000,0.0000,pass
1790920134.654,0.0036,-0.0003,0.0000,0.0000,-0.0011,0.0000,pass
1790920134.750,-0.0072,-0.0007,0.0000,0.0000,-0.0015,0.0001,pass
1790920134.862,-0.0054,-0.0017,0.0000,0.0000,0.0005,-0.0000,pass
1790920134.958,0.0051,0.0028,0.0000,0.0000,0.0007,-0.0000,pass
1790920135.054,0.0072,-0.0014,0.0000,0.0000,-0.0002,0.0000,pass
1790920135.150,0.0000,0.0028,0.0000,0.0000,-0.0003,0.0000,pass
1790920135.262,0.0000,0.0011,0.0000,0.0000,-0.0002,0.0000,pass
1790920135.358,0.0036,0.0015,0.0000,0.0000,0.0009,-0.0000,pass
1790920135.454,0.0000,-0.0009,0.0000,0.0000,-0.0004,0.0000,pass
1790920135.550,0.0000,-0.0006,0.0000,0.0000,-0.0000,0.0000,pass
1790920135.662,0.0000,0.0002,0.0000,0.0000,-0.0007,0.0000,pass
1790920135.758,0.0000,0.0006,0.0000,0.0000,0.0001,-0.0000,pass
1790920135.854,-0.0051,0.0010,0.0000,0.0000,-0.0002,0.0000,pass
1790920135.950,0.0036,0.0018,0.0000,0.0000,-0.0007,0.0000,pass
1790920136.062,0.0031,0.0003,0.0000,0.0000,0.0002,-0.0000,pass
1790920136.158,0.0036,0.0011,0.0000,0.0000,0.0006,-0.0000,pass
1790920136.254,0.0000,0.0021,0.0000,0.0000,-0.0002,0.0000,pass
1790920136.350,0.0051,-0.0027,0.0000,0.0000,-0.0010,0.0000,pass
1790920136.462,0.0000,-0.0020,0.0000,0.0000,-0.0003,0.0000,pass
1790920136.558,-0.0051,-0.0006,0.0000,0.0000,0.0005,-0.0000,pass
1790920136.654,0.0000,-0.0010,0.0000,0.0000,-0.0024,0.0001,pass
1790920136.750,0.0036,-0.0014,0.0000,0.0000,-0.0000,0.0000,pass
1790920136.862,0.0000,0.0000,0.0000,0.0000,-0.0011,0.0000,pass
1790920136.958,0.0000,0.0024,0.0000,0.0000,0.0004,-0.0000,pass
1790920137.054,0.0000,-0.0004,0.0000,0.0000,0.0010,-0.0000,pass
