t,fwd,lat,clear_geo,plan_clear,plan_lat_at_box,lc_box,gc_box,v,w,box_pts,box_age
0.5777719020843506,0.0,0.0,0.9080000586509704,0.1558582100974734,0.3246351372879242,99,99,0.08243707567453384,0.1622975617647171,163,0.0
0.5905888080596924,0.0,0.0,0.9080000586509704,0.1558582100974734,0.3246351372879242,99,99,0.08243707567453384,0.1622975617647171,163,0.012816905975341797
0.595313310623169,0.0,0.0,0.9079954890661694,0.1558582100974734,0.3246351372879242,99,99,0.08243707567453384,0.1622975617647171,163,0.01754140853881836
0.6014297008514404,0.0,0.0,0.9079954890661694,0.1558582100974734,0.3246351372879242,99,99,0.08086545020341873,0.13416442275047302,163,0.023657798767089844
0.6066567897796631,0.0,0.0,0.9079954890661694,0.1558582100974734,0.3246351372879242,99,99,0.08086545020341873,0.13416442275047302,163,0.0288848876953125
0.6105070114135742,0.0,0.0,0.9079869008964805,0.1558582100974734,0.3246351372879242,99,99,0.08086545020341873,0.13416442275047302,163,0.03273510932922363
0.6149413585662842,0.0,0.0,0.9079869008964805,0.1558582100974734,0.3246351372879242,99,99,0.08086545020341873,0.13416442275047302,163,0.037169456481933594
0.7035188674926758,0.02116162381754699,0.0005803325364813921,0.8791291657022132,0.1558582100974734,0.3246351372879242,99,99,0.0800565704703331,0.10424698144197464,138,0.1257469654083252
0.8031704425811768,0.027251644489734755,0.0009039275565948017,0.8714090504787357,0.1558582100974734,0.3246351372879242,99,99,0.07982515543699265,0.07280614972114563,144,0.22539854049682617
0.903317928314209,0.03377176068567804,0.001304157121473476,0.864201672930444,0.1558582100974734,0.3246351372879242,99,99,0.07984837889671326,0.04945429414510727,144,0.3255460262298584
1.0038032531738281,0.04081508297670036,0.0017847957258138797,0.8558667498250853,0.1558582100974734,0.3246351372879242,99,99,0.07992587983608246,0.030677389353513718,141,0.42603135108947754
1.1036558151245117,0.048279407325123765,0.0023345411942902114,0.869000024318695,0.10210410799748312,0.32430876586986457,99,99,0.07998047024011612,0.012874098494648933,179,0.0
1.2030372619628906,0.055936409589849405,0.002929499578912564,0.8607234972633323,0.10210410799748312,0.32430876586986457,99,99,0.08000356703996658,-0.00522618368268013,182,0.0993814468383789
1.3030014038085938,0.0638451732500008,0.004029096600575225,0.85284377714499,0.10210410799748312,0.32430876586986457,99,99,0.08000775426626205,0.0028373301029205322,190,0.19934558868408203
1.4036471843719482,0.07182109109013686,0.004641365369742875,0.8449089082804254,0.10210410799748312,0.32430876586986457,99,99,0.08000516146421432,-0.0016580969095230103,181,0.2999913692474365
1.5031859874725342,0.07976442565880022,0.005255599800111318,0.8371494815313485,0.10210410799748312,0.32430876586986457,99,99,0.0800020769238472,-0.002201298251748085,186,0.39953017234802246
1.6033763885498047,0.08768837553683131,0.005871339476159398,0.8291685294985578,0.10210410799748312,0.32430876586986457,99,99,0.08000031113624573,-0.0013656895607709885,181,0.49972057342529297
1.7034454345703125,0.09561876642993371,0.00648694676756119,0.8200000591278078,0.11390395218583269,0.32430876586986457,99,99,0.07999971508979797,0.013387136161327362,189,0.0
1.8033497333526611,0.10363231702440343,0.007108566954072223,0.8117398601742409,0.11390395218583269,0.32430876586986457,99,99,0.07999969273805618,0.01666082628071308,192,0.09990429878234863
1.9035615921020508,0.11156801461988423,0.007737678250504959,0.8038394689054127,0.11390395218583269,0.32430876586986457,99,99,0.07999969273805618,0.01666082628071308,189,0.20011615753173828
2.003603219985962,0.1195320747459638,0.00838669674245,0.7955620157974594,0.11390395218583269,0.32430876586986457,99,99,0.07999994605779648,0.026467714458703995,188,0.3001577854156494
2.1048479080200195,0.12745351237575814,0.009047309404926375,0.786951266326976,0.11390395218583269,0.32430876586986457,99,99,0.07999999076128006,0.020844262093305588,215,0.40140247344970703
2.2035653591156006,0.13534271283703675,0.009726388006762956,0.7818000144958495,0.12225960051555548,0.3352429701791613,99,99,0.08000000566244125,0.08084426209330559,222,0.0
2.3040246963500977,0.14303866723207406,0.010415456479739968,0.7735317481785431,0.12225960051555548,0.3352429701791613,99,99,0.08000000566244125,0.139382466673851,224,0.10045933723449707
2.403432846069336,0.1499821018212848,0.011087210550727047,0.7647541551200234,0.12225960051555548,0.3352429701791613,99,99,0.08000000566244125,0.13957512378692627,235,0.19986748695373535
2.5039641857147217,0.15597929385196835,0.022219903996269382,0.7567934013979359,0.12225960051555548,0.3352429701791613,99,99,0.08000000566244125,0.130395770072937,239,0.3003988265991211
2.602956771850586,0.1620431179992264,0.022918145318962753,0.7488849789375923,0.12225960051555548,0.3352429701791613,99,99,0.08000000566244125,0.0940694734454155,235,0.39939141273498535
2.703514575958252,0.16797701368954465,0.02366671846493643,0.7413532871380081,0.12225960051555548,0.3352429701791613,99,99,0.08000000566244125,0.08152607828378677,255,0.49994921684265137
2.8036999702453613,0.17498222887379658,0.02460443594519322,0.7280000514984131,0.11023712421207096,0.3352429701791613,99,99,0.08000000566244125,0.08004061132669449,262,0.0
2.9040966033935547,0.18148194376157997,0.025532306343899445,0.7201319063022419,0.11023712421207096,0.3352429701791613,99,99,0.08000000566244125,0.05139700323343277,271,0.10039663314819336
3.0091519355773926,0.18871353671586558,0.02661122435689383,0.7119724501480934,0.11023712421207096,0.3352429701791613,99,99,0.08000000566244125,0.039510563015937805,268,0.20545196533203125
3.103668451309204,0.196077805163631,0.027746913028751274,0.7039805406761184,0.11023712421207096,0.3352429701791613,99,99,0.08000000566244125,0.021842818707227707,267,0.2999684810638428
3.20396089553833,0.20376902010613093,0.02847913572351075,0.6949923859312652,0.07042703901544778,0.2962480473295942,99,99,0.08000000566244125,0.025997817516326904,282,0.40026092529296875
3.3030893802642822,0.2116046311635689,0.029762394091424182,0.6868396169076476,0.07042703901544778,0.2962480473295942,99,99,0.08000000566244125,-0.014259228482842445,281,0.4993894100189209
3.4033942222595215,0.21903057934127715,0.03100037299853374,0.6750000185966489,0.0720729515416133,0.2962480473295942,99,99,0.08000000566244125,-0.01986912079155445,294,0.0
3.5035908222198486,0.22732877396803877,0.03238041555024307,0.6667678544215866,0.0720729515416133,0.2962480473295942,99,99,0.08000000566244125,-0.014516372233629227,291,0.10019659996032715
3.6028800010681152,0.2348098856762691,0.03360758613978983,0.6594014577426065,0.0720729515416133,0.2962480473295942,99,99,0.08000000566244125,-0.009647645056247711,295,0.19948577880859375
3.703732490539551,0.24272598240836757,0.03489138107456519,0.6515849286566259,0.0720729515416133,0.2962480473295942,99,99,0.08000000566244125,-0.008470417931675911,296,0.3003382682800293
3.8039357662200928,0.25067046253209835,0.036174847587814155,0.6437332709554763,0.0720729515416133,0.2962480473295942,99,99,0.08000000566244125,-0.007965018972754478,313,0.4005415439605713
3.903226375579834,0.25858228533605165,0.03744880954263012,0.6358119686216136,0.0720729515416133,0.2962480473295942,99,99,0.08000000566244125,-0.006769213825464249,318,0.4998321533203125
4.003738164901733,0.2668776834950565,0.03878171751322234,0.6270000405311587,0.0763515878775751,0.2962480473295942,99,99,0.08000000566244125,0.004327543079853058,332,0.0
4.103358745574951,0.2744143852971019,0.03999161790686019,0.6192067867291217,0.0763515878775751,0.2962480473295942,99,99,0.08000000566244125,0.015016581863164902,339,0.09962058067321777
4.211122035980225,0.2823436367811366,0.04127021970286508,0.6112287094185124,0.0763515878775751,0.2962480473295942,99,99,0.08000000566244125,0.01931985281407833,354,0.2073838710784912
4.303358316421509,0.29026942193198174,0.042563422769550587,0.6028487078125938,0.11077506573649723,0.33014195109135164,99,99,0.08000000566244125,0.036056049168109894,360,0.2996201515197754
4.40296483039856,0.2982232769328548,0.05339993121195673,0.5921186313194257,0.11077506573649723,0.33014195109135164,99,99,0.08000000566244125,0.040841974318027496,362,0.39922666549682617
4.5035364627838135,0.3058464698441217,0.05470894585074149,0.5839021591958191,0.11077506573649723,0.33014195109135164,99,99,0.08000000566244125,0.03142710030078888,377,0.4997982978820801
4.602986812591553,0.3132709246822013,0.05601615893064075,0.5764000363349916,0.09844764527819219,0.33014195109135164,99,99,0.08000000566244125,0.023308394476771355,387,0.0
4.703666687011719,0.3210315279501491,0.05739942627544526,0.5680506291345294,0.09844764527819219,0.33014195109135164,99,99,0.08000000566244125,0.027496054768562317,400,0.10067987442016602
4.803034543991089,0.32888226143902777,0.05881328826859191,0.5597563664273394,0.09844764527819219,0.33014195109135164,99,99,0.08000000566244125,0.029995281249284744,406,0.20004773139953613
4.903472423553467,0.3366628198421583,0.0602432520867001,0.5515284740579741,0.09844764527819219,0.33014195109135164,99,99,0.08000000566244125,0.02466096542775631,421,0.30048561096191406
5.002978086471558,0.3443634447904752,0.061676703043483216,0.5431816489672839,0.09844764527819219,0.33014195109135164,99,99,0.08000000566244125,0.02882254496216774,430,0.3999912738800049
5.104058504104614,0.3521957944706782,0.06315288205640635,0.5310000247955323,0.09342942505477217,0.33014195109135164,99,99,0.08000000566244125,0.034556351602077484,443,0.0
5.203577756881714,0.3599262250124951,0.06463395569733048,0.5229557317650907,0.09342942505477217,0.33014195109135164,99,99,0.08000000566244125,0.03711788356304169,452,0.09951925277709961
5.303386211395264,0.3675568400139337,0.06611969872895407,0.5147512157744639,0.09681158272797671,0.33364523144022545,99,99,0.08000000566244125,0.03466632962226868,466,0.19932770729064941
5.403415203094482,0.3752070518985159,0.06763523602999556,0.5059568010765068,0.09681158272797671,0.33364523144022545,99,99,0.08000000566244125,0.09466632962226867,483,0.29935669898986816
5.503693580627441,0.3826782655531868,0.06915043106845571,0.4979065406641215,0.09681158272797671,0.33364523144022545,99,99,0.08000000566244125,0.11855876445770264,508,0.39963507652282715
5.603607416152954,0.3893570120688285,0.0710323135295667,0.48997302859471165,0.09681158272797671,0.33364523144022545,99,99,0.08000000566244125,0.12022886425256729,531,0.49954891204833984
5.703468561172485,0.3955748742693935,0.07236206818990162,0.47723724738105355,0.0937463358428142,0.33364523144022545,99,99,0.08000000566244125,0.13410820066928864,505,0.0
5.802913427352905,0.4018358452826183,0.07375880465921082,0.46913103009195656,0.0937463358428142,0.33364523144022545,99,99,0.08000000566244125,0.1331632286310196,487,0.09944486618041992
5.9029388427734375,0.40749991257557416,0.07508485717874941,0.46230202811927973,0.0937463358428142,0.33364523144022545,99,99,0.08000000566244125,0.13202336430549622,455,0.19947028160095215
6.003268241882324,0.4138488940652235,0.07661996585139048,0.45433589872934743,0.0937463358428142,0.33364523144022545,99,99,0.08000000566244125,0.12448722869157791,439,0.29979968070983887
6.104676008224487,0.4198612548564702,0.07813849868073665,0.4466554092735734,0.0937463358428142,0.33364523144022545,99,100,0.08000000566244125,0.12075979262590408,401,0.40120744705200195
6.202799081802368,0.42587883737695037,0.07970531526113182,0.4397057116947548,0.0937463358428142,0.33364523144022545,99,100,0.08000000566244125,0.12553180754184723,392,0.4993305206298828
6.304441452026367,0.4221104081321568,0.09139645676680969,0.4383433100348823,0.04261662168168098,0.33317840366866147,100,100,0.08000000566244125,0.11423161625862122,357,0.0
6.4033591747283936,0.4278483836360735,0.0929949765246676,0.4313985712536427,0.016895651866818878,0.30841593763821057,100,100,0.08000000566244125,0.03923161625862122,332,0.09891772270202637
6.503805160522461,0.4346856219411148,0.09494081895087249,0.423237166927113,0.016895651866818878,0.30841593763821057,100,100,0.08000000566244125,-0.047014012932777405,283,0.19936370849609375
6.603636026382446,0.441483650572423,0.09689998717701893,0.4164608020231806,0.016895651866818878,0.30841593763821057,100,100,0.08000000566244125,-0.056596655398607254,273,0.2991945743560791
6.703596353530884,0.44907349482984,0.09906405990963299,0.4091858456349907,0.016895651866818878,0.30841593763821057,100,100,0.08000000566244125,-0.05710528790950775,265,0.3991549015045166
6.8031907081604,0.4561845488787236,0.10106564428494745,0.4021799830016545,0.016895651866818878,0.30841593763821057,100,100,0.08000000566244125,-0.06755002588033676,261,0.4987492561340332
6.903158664703369,0.4628841869350454,0.10292086988386859,0.4030257747196168,0.000936317568761641,0.30841593763821057,100,100,0.08000000566244125,-0.06349612027406693,270,0.0
7.0029096603393555,0.470185985740084,0.10491071542321632,0.396468649252188,0.000936317568761641,0.30841593763821057,100,100,0.08000000566244125,-0.05329674482345581,253,0.09975099563598633
7.103721618652344,0.4768864044893753,0.10670578554540475,0.3901243949397154,0.000936317568761641,0.30841593763821057,100,100,0.08000000566244125,-0.06094120070338249,244,0.2005629539489746
7.202994108200073,0.4840232095270125,0.10858342240245915,0.38344950220511964,0.000936317568761641,0.30841593763821057,100,100,0.08000000566244125,-0.05533694103360176,243,0.2998354434967041
7.303219556808472,0.491147465686935,0.11042790223444418,0.3767420547095104,0.000936317568761641,0.30841593763821057,100,100,0.08000000566244125,-0.03395044431090355,258,0.40006089210510254
7.403795003890991,0.49835423195105455,0.11225495221817125,0.3550000138282774,0.005792369027435934,0.3100944446669011,100,100,0.08000000566244125,-0.006656672805547714,231,0.0
7.503580570220947,0.505977855739554,0.11415951327395021,0.3476965690949676,0.005792369027435934,0.3100944446669011,100,100,0.08000000566244125,0.06834332719445228,228,0.09978556632995605
7.603666305541992,0.5135987065131771,0.11605418221518235,0.3397380151478031,0.005792369027435934,0.3100944446669011,100,100,0.08000000566244125,0.09588117152452469,246,0.19987130165100098
7.703428506851196,0.5304106573382286,0.11775346668678917,0.32185178919702295,0.005792369027435934,0.3100944446669011,100,100,0.08000000566244125,0.09002552181482315,194,0.2996335029602051
7.803251266479492,0.5369330823394833,0.11945314022703302,0.3141224708633827,0.005792369027435934,0.3100944446669011,100,100,0.08000000566244125,0.08896608650684357,153,0.399456262588501
7.903675079345703,0.5435267510476064,0.12121008689620132,0.3060758631379362,0.005792369027435934,0.3100944446669011,100,100,0.08000000566244125,0.10192882269620895,95,0.4998800754547119
8.003549575805664,0.5500485141753864,0.1229968173328255,0.298379015456065,0.005792369027435934,0.3100944446669011,100,100,0.08000000566244125,0.11586057394742966,45,0.5997545719146729
8.104254484176636,0.556401725264562,0.12479375569544217,0.4030230606994757,-0.03241599643177906,0.30714004453179305,99,99,0.08000000566244125,0.1333954781293869,56,0.0
8.203846454620361,0.5625078863280424,0.12658185219734563,0.3952632854230834,-0.03241599643177906,0.30714004453179305,99,99,0.08000000566244125,0.1295858770608902,37,0.09959197044372559
8.30327582359314,0.5684616327961983,0.1283795340337483,0.38751270989044984,-0.03241599643177906,0.30714004453179305,99,99,0.08000000566244125,0.11952272802591324,0,0.1990213394165039
8.4030122756958,0.56437055513131,0.1307607610300298,0.3896322829911478,-0.03241599643177906,0.30714004453179305,99,99,0.08000000566244125,0.09751573204994202,7,0.29875779151916504
8.503219366073608,0.5704941454301907,0.1327225861064744,0.382189604700421,-0.033771870461538206,0.30574812480152236,99,99,0.08000000566244125,0.06309697031974792,0,0.39896488189697266
8.603243589401245,0.5769603557640064,0.13485958508507861,0.3739201629894703,-0.033771870461538206,0.30574812480152236,99,99,0.08000000566244125,0.007992499507963657,0,0.4989891052246094
8.703624963760376,0.5839987663647881,0.13723981047508424,0.366255167099949,-0.033771870461538206,0.30574812480152236,99,99,0.08000000566244125,0.013094938360154629,0,0.5993704795837402
8.802699565887451,0.5914885679706227,0.13979302924159687,0.35808543435900675,-0.033771870461538206,0.30574812480152236,99,99,0.08000000566244125,0.005181192420423031,0,0.6984450817108154
8.91401481628418,0.59909003808798,0.14239505859332344,0.34972025120345496,-0.033771870461538206,0.30574812480152236,99,99,0.08000000566244125,0.03516288474202156,0,0.809760332107544
9.002930879592896,0.6066669696010462,0.14499495372807092,0.3416111783434105,-0.033771870461538206,0.30574812480152236,99,99,0.08000000566244125,0.053997814655303955,0,0.8986763954162598
9.103429794311523,0.6139904261885515,0.14703736140954493,0.3331832148238883,-0.033771870461538206,0.30574812480152236,99,99,0.08000000566244125,0.045997463166713715,0,0.9991753101348877
9.203644037246704,0.6210473555353119,0.1495593703947559,0.3248188063984148,-0.033771870461538206,0.30574812480152236,99,99,0.08000000566244125,0.046255867928266525,0,1.0993895530700684
9.30332064628601,0.6281466337792728,0.15213519445413665,0.31675659832909925,-0.033771870461538206,0.30574812480152236,99,99,0.08000000566244125,0.07434085011482239,0,1.199066162109375
9.402978420257568,0.6348050767971237,0.154599078215143,0.3091105313555061,-0.033771870461538206,0.30574812480152236,99,99,0.08000000566244125,0.07434085011482239,0,1.2987239360809326
9.503907918930054,0.641796511515396,0.15723285148488678,0.30066787394654726,-0.031105453084400603,0.3084581313649587,99,99,0.08000000566244125,0.09501872956752777,0,1.399653434753418
9.603043794631958,0.6485030339164117,0.1598161887267155,0.2931308622247699,-0.031105453084400603,0.3084581313649587,99,99,0.08000000566244125,0.15501872956752777,0,1.4987893104553223
9.700713872909546,0.6547177068735243,0.16227349301563607,0.2853355029319076,-0.031105453084400603,0.3084581313649587,99,99,0.08000000566244125,0.18705137073993683,0,1.5964593887329102
9.804370403289795,0.6603075708517043,0.16457037443253666,0.27823218176891773,-0.031105453084400603,0.3084581313649587,99,99,0.08000000566244125,0.21647517383098602,0,1.7001159191131592
9.903956651687622,0.665501008202668,0.16678475262217132,0.271543572368782,-0.031105453084400603,0.3084581313649587,99,99,0.08000000566244125,0.22024258971214294,0,1.7997021675109863
10.002892971038818,0.6702859398873544,0.1689133819798439,0.2653255706656712,-0.031105453084400603,0.3084581313649587,99,99,0.08000000566244125,0.18473541736602783,0,1.8986384868621826
10.104468822479248,0.675096265165657,0.17114887395741235,0.25935739929675966,-0.031105453084400603,0.3084581313649587,99,99,0.08000000566244125,0.1579950600862503,0,2.0002143383026123
10.205040454864502,0.6800504878583891,0.17354108664673154,0.2536888683854776,-0.031105453084400603,0.3084581313649587,99,99,0.08000000566244125,0.1579950600862503,0,2.100785970687866
10.304057359695435,0.6853336548395381,0.17616334360756064,0.2479384583665779,-0.031105453084400603,0.3084581313649587,99,99,0.07991398125886917,0.11511178314685822,0,2.199802875518799
10.406034708023071,0.6907820563554615,0.17894492894533134,0.24213173513655964,-0.031105453084400603,0.3084581313649587,99,99,0.0799807757139206,0.10600101947784424,0,2.3017802238464355
10.503731489181519,0.6960146357777616,0.18276740893572654,0.23698290143688025,-0.031105453084400603,0.3084581313649587,99,99,0.07965507358312607,0.07344786822795868,0,2.399477005004883
10.60458493232727,0.70191257676324,0.1858649671555651,0.23112443152178416,-0.03267270152900262,0.3073525968393769,99,99,0.07996152341365814,0.06904324144124985,0,2.5003304481506348
10.70416784286499,0.7080988907220218,0.18917585953153604,0.22517925090067445,-0.03267270152900262,0.3073525968393769,99,99,0.07986394315958023,0.10603920370340347,0,2.5999133586883545
10.802811861038208,0.7143077526029948,0.19254053285859668,0.21937566094895697,-0.03267270152900262,0.3073525968393769,99,99,0.08056920766830444,0.03818252310156822,0,2.6985573768615723
10.904086112976074,0.7203191478153201,0.19586183855228445,0.21392251400837498,-0.03267270152900262,0.3073525968393769,99,99,0.08016490191221237,0.09818252310156822,0,2.7998316287994385
11.011015892028809,0.726882539412272,0.1995247673748235,0.20814584218428964,-0.03267270152900262,0.3073525968393769,99,99,0.08081410080194473,0.10670965164899826,0,2.906761407852173
11.105586290359497,0.7328229422584369,0.2028851543929658,0.2031344597123769,-0.03267270152900262,0.3073525968393769,99,99,0.08002220094203949,0.137806698679924,0,3.0013318061828613
11.203305959701538,0.7386205760520576,0.20932982843014133,0.19953758499152638,-0.03267270152900262,0.3073525968393769,99,99,0.07994477450847626,0.16946010291576385,0,3.0990514755249023
11.303449153900146,0.7440662559088128,0.21890542164668253,0.1978520438516634,-0.03267270152900262,0.3073525968393769,99,99,0.08078206330537796,0.1819450706243515,0,3.1991946697235107
11.403074502944946,0.7493107006903067,0.2220843399053,0.1949190323504851,-0.03267270152900262,0.3073525968393769,99,99,0.08057749271392822,0.17309623956680298,0,3.2988200187683105
11.504042625427246,0.754365306875607,0.22523308974941056,0.19287774290275314,-0.03267270152900262,0.3073525968393769,99,99,0.08092965185642242,0.09809623956680298,0,3.3997881412506104
11.604964971542358,0.7592370836912489,0.22835646990469036,0.19103288719872052,-0.029982045500610177,0.3099308075416806,99,99,0.08092965185642242,0.09138871729373932,0,3.5007104873657227
11.703640699386597,0.7648692354447446,0.23202898224543353,0.18879925984445045,-0.029982045500610177,0.3099308075416806,99,99,0.07842867076396942,0.1086111068725586,0,3.599386215209961
11.80371356010437,0.7704490279107,0.23574530816670508,0.18683764573404288,-0.029982045500610177,0.3099308075416806,99,99,0.07661674916744232,0.10903284698724747,0,3.6994590759277344
11.903237581253052,0.7758827681149799,0.2394256895407548,0.18600008262544532,-0.029982045500610177,0.3099308075416806,99,99,0.07584817707538605,0.11767176538705826,0,3.798983097076416
12.003145694732666,0.7778396665984308,0.2429862147733866,0.1893136135861076,-0.029982045500610177,0.3099308075416806,99,99,0.07323892414569855,0.16513410210609436,0,3.8988912105560303
12.10347867012024,0.7764405108762867,0.2463570915029529,0.19487437010840664,-0.029982045500610177,0.3099308075416806,99,99,0.0721585750579834,0.1950007528066635,0,3.9992241859436035
12.204127550125122,0.7812810626023453,0.24995429804837624,0.19678249176459378,-0.029982045500610177,0.3099308075416806,99,99,0.06899016350507736,0.21368464827537537,0,4.099873065948486
12.30375361442566,0.78554535280975,0.2532569133853015,0.2003230372956191,-0.029982045500610177,0.3099308075416806,99,99,0.05399016350507736,0.13868464827537536,0,4.199499130249023
12.403012752532959,0.7894261380697889,0.2563969025876069,0.20469295315580444,-0.029982045500610177,0.3099308075416806,99,99,0.040326718240976334,-0.005267743766307828,0,4.298758268356323
12.503192663192749,0.7930006239544501,0.2593895925188209,0.2061242418754192,-0.029982045500610177,0.3099308075416806,99,99,0.025326718240976334,-0.12526774376630784,0,4.398938179016113
12.617477893829346,0.7959995647693068,0.26190389515409435,0.2047171082431498,-0.029982045500610177,0.3099308075416806,99,99,0.02595709264278412,-0.1974138742685318,0,4.51322340965271
12.70570683479309,0.7978747493020437,0.2634384695496048,0.19984812779313524,-0.0337426547434648,0.30757808055655006,99,99,0.03595709264278412,-0.29303863644599915,0,4.601452350616455
12.803031206130981,0.8031353132578666,0.2647867043891575,0.19073430237149186,-0.0337426547434648,0.30757808055655006,99,99,0.053663114309310915,-0.35303863644599914,0,4.698776721954346
12.903245210647583,0.8131204258819218,0.26610897626612207,0.17969639703716392,-0.0337426547434648,0.30757808055655006,99,99,0.048873938620090485,-0.31941041350364685,0,4.798990726470947
13.002849578857422,0.8158486633633528,0.2680124577412106,0.17271775854730195,-0.0337426547434648,0.30757808055655006,99,99,0.05044807866215706,-0.3483496606349945,0,4.898595094680786
13.103230476379395,0.8187265780318796,0.2698995999334567,0.1653743075827819,-0.0337426547434648,0.30757808055655006,99,99,0.06044807866215706,-0.33176055550575256,0,4.998975992202759
13.203377723693848,0.8216501351067461,0.271683354799437,0.15778784079617375,-0.0337426547434648,0.30757808055655006,99,99,0.05089983403682709,-0.26652202010154724,0,5.099123239517212
13.30354905128479,0.8248597070652252,0.27351149823139426,0.15142670227978672,-0.0337426547434648,0.30757808055655006,99,99,0.05635775834321976,-0.28371068835258484,0,5.199294567108154
13.402759552001953,0.8281348702874409,0.27525760086436685,0.1453202001062947,-0.0337426547434648,0.30757808055655006,99,99,0.05135775834321976,-0.20871068835258483,0,5.298505067825317
13.503529787063599,0.831603087195259,0.2769931765338332,0.13940026915280448,-0.0337426547434648,0.30757808055655006,99,99,0.05715560376644135,-0.23297348618507385,0,5.399275302886963
13.6030752658844,0.8354282705012325,0.27879542673209096,0.13367510113187234,-0.0337426547434648,0.30757808055655006,99,99,0.06661906838417053,-0.23708048462867737,0,5.498820781707764
13.70374083518982,0.8394912039759918,0.28059542983178226,0.1285044181618712,-0.03446745581519961,0.30680853286185944,99,99,0.0737086609005928,-0.17294326424598694,0,5.599486351013184
13.803262948989868,0.8437690870996734,0.28237848952178723,0.123314807826308,-0.03446745581519961,0.30680853286185944,99,99,0.07772127538919449,-0.22433599829673767,0,5.699008464813232
13.903165340423584,0.8482465768857207,0.28416040897814937,0.11914035031991503,-0.03446745581519961,0.30680853286185944,99,99,0.08010443300008774,-0.26579809188842773,0,5.798910856246948
14.002830505371094,0.8535479782446702,0.2861550615538492,0.11298795770227113,-0.03446745581519961,0.30680853286185944,99,99,0.07983443140983582,-0.25962570309638977,0,5.898576021194458
14.10382628440857,0.8581214378505322,0.29774166775584515,0.1139270634114695,-0.03446745581519961,0.30680853286185944,99,99,0.07401666790246964,-0.24266207218170166,0,5.999571800231934
14.203019618988037,0.8627392937698621,0.2992390052502995,0.108854486176417,-0.03446745581519961,0.30680853286185944,99,99,0.07401666790246964,-0.24266207218170166,0,6.098765134811401
14.304424047470093,0.8673137626850205,0.3006151885033547,0.10376391988533139,-0.03446745581519961,0.30680853286185944,99,99,0.07325103133916855,-0.2392624020576477,0,6.200169563293457
14.403218984603882,0.8718846160897809,0.3018905516020507,0.09878613071618031,-0.03446745581519961,0.30680853286185944,99,99,0.07697652280330658,-0.20565390586853027,0,6.298964500427246
14.504021167755127,0.8767496638574005,0.30316978792414356,0.09434706922141098,-0.03446745581519961,0.30680853286185944,99,99,0.07698247581720352,-0.10374198108911514,0,6.399766683578491
14.60330867767334,0.8823485400579496,0.30456028395243373,0.08982089903277245,-0.03446745581519961,0.30680853286185944,99,99,0.07624828070402145,-0.015961959958076477,0,6.499054193496704
14.705030679702759,0.8892808519394415,0.3062112438889879,0.08533437782969928,-0.03446745581519961,0.30680853286185944,99,99,0.07822205871343613,-0.07478144019842148,0,6.600776195526123
14.802720308303833,0.8962925832677175,0.30785170355775976,0.08086598694377474,-0.023262393263308673,0.3185520717094977,99,99,0.07822205871343613,-0.07478144019842148,0,6.698465824127197
14.903773307800293,0.9030884922911285,0.3093739368951476,0.07644406432421548,-0.023262393263308673,0.3185520717094977,99,99,0.07987815886735916,-0.05971233546733856,0,6.799518823623657
15.0032479763031,0.89987109014415,0.30184916107422644,0.07134256314161137,-0.023262393263308673,0.3185520717094977,99,99,0.0787302553653717,-0.017618369311094284,0,6.898993492126465
15.104159355163574,0.9073508658062568,0.30338856802233083,0.06691545823742408,-0.023262393263308673,0.3185520717094977,99,99,0.0798567458987236,-0.11553409695625305,0,6.9999048709869385
15.203484058380127,0.9145889013140437,0.30484559113430487,0.06230980499577369,-0.023262393263308673,0.3185520717094977,99,99,0.07988805323839188,-0.10129619389772415,0,7.099229574203491
15.303987979888916,0.92098950026982,0.30607039985644396,0.05795342966373609,-0.023262393263308673,0.3185520717094977,99,99,0.080060675740242,-0.17418158054351807,0,7.19973349571228
15.403348922729492,0.9271102992547692,0.30716540136585063,0.05282450145923116,-0.023262393263308673,0.3185520717094977,99,99,0.0800403282046318,-0.10387365520000458,0,7.2990944385528564
15.503150701522827,0.9322653383082765,0.30801334814326453,0.048858131820784655,-0.023262393263308673,0.3185520717094977,99,99,0.08002671599388123,-0.20752984285354614,0,7.398896217346191
15.60329556465149,0.9394632123227156,0.3091165793741916,0.04361419365857402,-0.023262393263308673,0.3185520717094977,99,99,0.08000772446393967,-0.057529842853546134,0,7.4990410804748535
15.704281091690063,0.9556782974470541,0.3094582717660248,0.03654226657476283,-0.023262393263308673,0.3185520717094977,99,99,0.08279060572385788,-0.026787467300891876,0,7.600026607513428
15.803489446640015,0.9630607295787801,0.3104323904027802,0.03470513609873864,-0.022612777448856564,0.31871441490075225,99,99,0.07712849229574203,0.05862189084291458,0,7.699234962463379
15.903814315795898,0.9701770064505513,0.3113629723563203,0.03392548432172038,-0.022612777448856564,0.31871441490075225,99,99,0.07963638752698898,0.03789030760526657,0,7.799559831619263
16.003402709960938,0.9777471351648224,0.31237428464766964,0.033578628502501734,-0.022612777448856564,0.31871441490075225,99,99,0.07850100100040436,0.034597210586071014,0,7.899148225784302
16.105519771575928,0.9858563658524138,0.313478758623611,0.033021892015763776,-0.022612777448856564,0.31871441490075225,99,99,0.0797896757721901,0.055782970041036606,0,8.001265287399292
16.203505039215088,0.9928915441116066,0.31445908039452025,0.03226974093738036,-0.022612777448856564,0.31871441490075225,99,99,0.07989191263914108,0.09073171019554138,0,8.099250555038452
16.304035902023315,0.9998801766644398,0.3154595454763233,0.03335759339700784,-0.022612777448856564,0.31871441490075225,99,99,0.08007755130529404,-0.04261424392461777,0,8.19978141784668
16.4027681350708,1.007428929855897,0.3165878960119541,0.03241020072622369,-0.022612777448856564,0.31871441490075225,99,99,0.07676670700311661,-0.023478107526898384,0,8.298513650894165
16.503859996795654,1.0146567302703282,0.3176497209439274,0.030328798487654785,-0.022612777448856564,0.31871441490075225,99,99,0.07929795235395432,-0.06135468930006027,0,8.399605512619019
16.604368209838867,1.0220405072175487,0.31870786781080845,0.028256094337076498,-0.022612777448856564,0.31871441490075225,99,99,0.07951588928699493,0.01687903329730034,0,8.500113725662231
16.703049421310425,1.0295327897122306,0.31973895453589707,0.0268726931043452,-0.022612777448856564,0.31871441490075225,99,99,0.08006802946329117,-0.10342766344547272,0,8.598794937133789
16.80382537841797,1.0370836665733725,0.3207654696383184,0.02457128383422271,-0.022612777448856564,0.31871441490075225,99,99,0.08008934557437897,0.027713358402252197,0,8.699570894241333
16.90389084815979,1.0443456224492704,0.3217028816733415,0.022557111591815917,-0.027478218897877105,0.31413899037774934,99,99,0.0800788477063179,-0.011445851996541023,0,8.799636363983154
17.00336456298828,1.0420691751538913,0.32319293715693853,0.02383432129070683,-0.027478218897877105,0.31413899037774934,99,99,0.0800316259264946,0.09527270495891571,0,8.899110078811646
17.104079484939575,1.049541205302321,0.324127935197899,0.023473470261309606,-0.027478218897877105,0.31413899037774934,99,99,0.08000665158033371,0.008137769997119904,0,8.99982500076294
17.20270586013794,1.0569742250724248,0.32509135633024394,0.022561202854101858,-0.027478218897877105,0.31413899037774934,99,99,0.07784798741340637,-0.01222222950309515,0,9.098451375961304
17.304096698760986,1.0648253692938494,0.3261081905478987,0.02131416675008002,-0.027478218897877105,0.31413899037774934,99,99,0.07951562851667404,-0.09552200883626938,0,9.19984221458435
17.40297770500183,1.0722373242169465,0.32704644621691875,0.019974323830155433,-0.027478218897877105,0.31413899037774934,99,99,0.07967521250247955,-0.10060663521289825,0,9.298723220825195
17.50322675704956,1.078910031169131,0.32782996740197534,0.01710615218118952,-0.027478218897877105,0.31413899037774934,99,99,0.08004394918680191,-0.12862178683280945,0,9.398972272872925
17.6036593914032,1.0853172696475049,0.32850143787883196,0.014763450845906828,-0.027478218897877105,0.31413899037774934,99,99,0.08006022125482559,-0.14633160829544067,0,9.499404907226562
17.704195499420166,1.0914140621097568,0.32906669953417217,0.01093893566544965,-0.027478218897877105,0.31413899037774934,99,99,0.08005306869745255,-0.131961852312088,0,9.59994101524353
17.802729845046997,1.0975051385487224,0.3295327970570113,0.007393590786777177,-0.027478218897877105,0.31413899037774934,99,99,0.08002141863107681,-0.09536891430616379,0,9.698475360870361
17.904122829437256,1.1040050522041618,0.32995654395517143,0.00541862069427243,-0.025767491218014638,0.31505978648464267,99,99,0.08000454306602478,-0.050699442625045776,0,9.79986834526062
18.00289797782898,1.1110483488310894,0.3303443080256354,0.0032093942325245595,-0.025767491218014638,0.31505978648464267,99,99,0.07999780029058456,-0.07331683486700058,0,9.898643493652344
18.10421085357666,1.1176014162029186,0.3306578572699683,0.002319444449348562,-0.025767491218014638,0.31505978648464267,99,99,0.07999718934297562,-0.0052748387679457664,0,9.999956369400024
18.203168392181396,1.1258080044299976,0.3309886202359002,0.001123107112797589,-0.025767491218014638,0.31505978648464267,99,99,0.07999834418296814,-0.028481584042310715,0,10.09891390800476
18.303521156311035,1.1437784603582741,0.34126352838055213,0.00965616924458737,-0.025767491218014638,0.31505978648464267,99,99,0.07990460842847824,0.006123157683759928,0,10.1992666721344
18.40307593345642,1.1517353958264114,0.3415378926016097,0.009480608823022929,-0.025767491218014638,0.31505978648464267,99,99,0.07997877895832062,-0.10346005856990814,0,10.298821449279785
18.506381273269653,1.159142716973344,0.34177018924226504,0.008586403114259511,-0.025767491218014638,0.31505978648464267,99,99,0.07998589426279068,-0.16582439839839935,0,10.402126789093018
18.603315830230713,1.1655587003576142,0.3419039342397378,0.0057753300553015086,-0.025767491218014638,0.31505978648464267,99,99,0.0800020769238472,-0.1559430956840515,0,10.499061346054077
18.703192710876465,1.1714560459408285,0.34191673876279116,0.0030381263617491328,-0.025767491218014638,0.31505978648464267,99,99,0.08000234514474869,-0.18727298080921173,0,10.598938226699829
18.802727937698364,1.1769997703598143,0.3418543862900232,0.00047816553792034977,-0.025767491218014638,0.31505978648464267,99,99,0.08000234514474869,-0.18727298080921173,0,10.698473453521729
18.904247999191284,1.1828686312043577,0.34168674084629147,0.0,-0.025767491218014638,0.31505978648464267,99,99,0.08000093698501587,-0.14757202565670013,0,10.799993515014648
19.002684831619263,1.1987779559552822,0.35186819835607347,0.00514083981350244,-0.024586087407440005,0.3158525245154096,99,99,0.08000019192695618,-0.18024776875972748,0,10.898430347442627
19.103527307510376,1.2043091460019761,0.3514970673636461,0.0033885938946047467,-0.024586087407440005,0.3158525245154096,99,99,0.0799999013543129,-0.19877485930919647,0,10.99927282333374
19.202791690826416,1.2101458389983064,0.35102650067665414,0.0010003759398946876,-0.024586087407440005,0.3158525245154096,99,99,0.06278956741094589,-0.11944262981414795,0,11.09853720664978
19.3089861869812,1.215429404818333,0.35051220419094475,0.0,-0.024586087407440005,0.3158525245154096,99,99,0.032789567410945894,0.0,0,11.204731702804565
19.403266668319702,1.2204823697816691,0.3499445952176835,0.0,-0.024586087407440005,0.3158525245154096,99,99,0.002789567410945895,0.0,0,11.299012184143066
19.502949237823486,1.2226910528528199,0.349686884107586,0.0,-0.024586087407440005,0.3158525245154096,99,99,0.01,-0.06,0,11.39869475364685
19.603256464004517,1.2228030029435362,0.3496701626583323,0.0,-0.024586087407440005,0.3158525245154096,99,99,0.03,-0.18,0,11.49900197982788
19.702739238739014,1.2245756426492094,0.34946189092607793,0.0,-0.024586087407440005,0.3158525245154096,99,99,0.05,-0.22571590542793274,0,11.598484754562378
19.802892208099365,1.2278636903210223,0.3490027249447658,0.0,-0.024586087407440005,0.3158525245154096,99,99,0.07,-0.2050449401140213,0,11.69863772392273
19.903907537460327,1.232255927520192,0.34828965597487255,0.0,-0.024586087407440005,0.3158525245154096,99,99,0.08397171646356583,-0.1916041225194931,0,11.799653053283691
20.003193140029907,1.2373035849936007,0.34737841511507184,0.0,-0.023331815083715873,0.3168753698795686,100,99,0.08229202777147293,-0.04160412251949311,0,11.898938655853271
20.10367202758789,1.2477682418738045,0.3459562555540839,0.0,-0.023331815083715873,0.3168753698795686,100,99,0.08073917776346207,-0.12188561260700226,0,11.999417543411255
20.2032630443573,1.2600009732416455,0.3443464288179865,0.0,-0.023331815083715873,0.3168753698795686,100,99,0.08000721782445908,0.01931675709784031,0,12.099008560180664
20.303688049316406,1.266913229514898,0.3428983484627464,0.0,-0.023331815083715873,0.3168753698795686,100,99,0.0760374590754509,-0.02573004551231861,0,12.19943356513977
20.403427124023438,1.2743750108829695,0.3413188515017534,0.0,-0.023331815083715873,0.3168753698795686,100,99,0.0767267718911171,0.05061735585331917,0,12.299172639846802
20.503600597381592,1.2816543061213888,0.3397599006939888,0.0,-0.023331815083715873,0.3168753698795686,100,99,0.07885570079088211,0.048226285725831985,0,12.399346113204956
20.602670907974243,1.2882563271853327,0.3383719970854632,0.0,-0.023331815083715873,0.3168753698795686,100,99,0.07972065359354019,-0.00012023001909255981,0,12.498416423797607
20.70381498336792,1.2966150413926854,0.3366359558048975,0.0,-0.023331815083715873,0.3168753698795686,99,99,0.08015846461057663,-0.07427728176116943,0,12.599560499191284
20.803380489349365,1.2742916531841262,0.33652003744745146,0.0,-0.023331815083715873,0.3168753698795686,99,99,0.080164834856987,-0.12938615679740906,0,12.69912600517273
20.90409278869629,1.2806550587179384,0.3350433687604691,0.0,-0.023331815083715873,0.3168753698795686,99,99,0.08009845018386841,-0.18888622522354126,0,12.799838304519653
21.000941276550293,1.2864360265969599,0.3336359910170324,0.0,-0.023331815083715873,0.3168753698795686,99,99,0.08003226667642593,-0.20992597937583923,0,12.896686792373657
21.102855443954468,1.2916776562443086,0.3322930674520926,0.0,-0.015035709687651139,0.3238926948400191,99,99,0.08000104874372482,-0.20345339179039001,0,12.998600959777832
21.200519561767578,1.2968282833729732,0.33088862881075454,0.0,-0.015035709687651139,0.3238926948400191,99,99,0.07999240607023239,-0.16935768723487854,0,13.096265077590942
21.300358057022095,1.3016027130518149,0.32949703791316676,0.0,-0.015035709687651139,0.3238926948400191,99,99,0.08017293363809586,-0.16322261095046997,0,13.196103572845459
21.405991792678833,1.3074215327258067,0.3277355338620864,0.0,-0.015035709687651139,0.3238926948400191,99,99,0.08078940212726593,-0.13432146608829498,0,13.301737308502197
21.50980281829834,1.320843510979942,0.3273259901130766,0.0,-0.015035709687651139,0.3238926948400191,99,99,0.08071509748697281,-0.12987610697746277,0,13.405548334121704
21.603593826293945,1.33891802333448,0.3275526124059986,0.0,-0.015035709687651139,0.3238926948400191,99,99,0.08062693476676941,-0.14100919663906097,0,13.49933934211731
21.703994274139404,1.3447524117985243,0.3256536829927998,0.0,-0.015035709687651139,0.3238926948400191,99,99,0.0801474079489708,-0.16786149144172668,0,13.599739789962769
21.802934646606445,1.3504142754127344,0.32374485700834094,0.0,-0.015035709687651139,0.3238926948400191,99,99,0.08002402633428574,-0.1559491753578186,0,13.69868016242981
21.902875185012817,1.3558966655250333,0.3218121864024316,0.0,-0.015035709687651139,0.3238926948400191,99,99,0.07937359809875488,-0.16495570540428162,0,13.798620700836182
22.002639770507812,1.3611001913735292,0.31992929469102127,0.0,-0.015035709687651139,0.3238926948400191,99,99,0.0783858373761177,-0.1500791609287262,0,13.898385286331177
22.100368976593018,1.3663522498393712,0.31797500262113537,0.0,-0.013732319118379577,0.3207980020871905,99,99,0.0763140320777893,-0.16037622094154358,0,13.996114492416382
22.202712774276733,1.3723736629281003,0.31565065831441635,0.0,-0.013732319118379577,0.3207980020871905,99,99,0.0785580575466156,-0.18883298337459564,0,14.098458290100098
22.300008058547974,1.3734088378889628,0.3138624236819602,0.0,-0.013732319118379577,0.3207980020871905,99,99,0.08009830117225647,-0.20453503727912903,0,14.195753574371338
22.402992010116577,1.3726162255670982,0.3120436870024897,0.0,-0.013732319118379577,0.3207980020871905,99,99,0.08117234706878662,-0.22039435803890228,0,14.298737525939941
22.503692865371704,1.3777736545100454,0.30983330309888707,0.0,-0.013732319118379577,0.3207980020871905,99,99,0.08158323913812637,-0.23700112104415894,0,14.399438381195068
22.603145599365234,1.3822534123894314,0.3078309130194595,0.0,-0.013732319118379577,0.3207980020871905,99,99,0.08139435946941376,-0.24071744084358215,0,14.498891115188599
22.703007459640503,1.3868266065685904,0.30572088444265944,0.0,-0.013732319118379577,0.3207980020871905,99,99,0.08049611747264862,-0.24834328889846802,0,14.598752975463867
22.802892684936523,1.3914384737971557,0.3035404672957763,0.0,-0.013732319118379577,0.3207980020871905,99,99,0.08025384694337845,-0.2694246768951416,0,14.698638200759888
22.9004647731781,1.3959322533717604,0.30135322242051615,0.0,-0.013732319118379577,0.3207980020871905,99,99,0.08047040551900864,-0.2287513017654419,0,14.796210289001465
23.00057601928711,1.4001986555580173,0.29922086464403114,0.0,-0.013732319118379577,0.3207980020871905,99,99,0.07675952464342117,-0.2354746013879776,0,14.896321535110474
23.107194662094116,1.4049850675989266,0.2967377333120011,0.0,-0.013732319118379577,0.3207980020871905,99,99,0.07857327908277512,-0.21906593441963196,0,15.00294017791748
23.203442096710205,1.4094474214099766,0.2843092554572283,0.0,-0.018020844969043798,0.29463046137749627,99,99,0.07705014944076538,-0.15088747441768646,0,15.09918761253357
23.301217794418335,1.4143539179639981,0.28158217194436097,0.0,-0.018020844969043798,0.29463046137749627,99,99,0.08072030544281006,-0.000887474417686468,0,15.1969633102417
23.402960777282715,1.4201378324994574,0.2783208168518166,0.0,-0.018020844969043798,0.29463046137749627,99,99,0.08004412800073624,0.1341125255823135,0,15.298706293106079
23.500301361083984,1.4264725010811985,0.27474238644679394,0.0,-0.018020844969043798,0.29463046137749627,99,99,0.08033864200115204,0.2541125255823135,0,15.396046876907349
23.603415727615356,1.4319486219165896,0.2717039318525313,0.0,-0.018020844969043798,0.29463046137749627,99,99,0.08008750528097153,0.23643158376216888,0,15.49916124343872
23.70056653022766,1.436631654181478,0.26917792463283746,0.0,-0.018020844969043798,0.29463046137749627,99,99,0.07948390394449234,0.23793809115886688,0,15.596312046051025
23.80326533317566,1.4411781233320866,0.2668148849139244,0.0,-0.018020844969043798,0.29463046137749627,99,99,0.07986649125814438,0.18877746164798737,0,15.699010848999023
23.900113105773926,1.4458283552470632,0.26448363448648726,0.0,-0.018020844969043798,0.29463046137749627,99,99,0.07990460842847824,0.13643167912960052,0,15.79585862159729
24.00300693511963,1.451089139984716,0.2619210723109628,0.0,-0.018020844969043798,0.29463046137749627,99,99,0.07687701284885406,0.11239946633577347,0,15.898752450942993
24.100334405899048,1.456786822245057,0.25920201410245824,0.0,-0.018020844969043798,0.29463046137749627,99,99,0.0793137475848198,0.02008679136633873,0,15.996079921722412
24.202852249145508,1.4632414499563737,0.2561835321174103,0.0,-0.01840815495903045,0.23571824211434747,99,99,0.07954426854848862,-0.0036391858011484146,0,16.098597764968872
24.300556182861328,1.470467422328761,0.2528171625032466,0.0,-0.01840815495903045,0.23571824211434747,99,99,0.08007116615772247,-0.07536079734563828,0,16.196301698684692
24.402954816818237,1.4772273540348437,0.24965601341657126,0.0,-0.01840815495903045,0.23571824211434747,99,99,0.08008932322263718,0.011539718136191368,0,16.2987003326416
24.500251054763794,1.4832988565488592,0.24679702055899017,0.0,-0.01840815495903045,0.23571824211434747,99,99,0.08007664233446121,0.014060335233807564,0,16.395996570587158
24.602833032608032,1.491342852133347,0.24301265839462524,0.0,-0.01840815495903045,0.23571824211434747,99,99,0.08003028482198715,0.025414690375328064,0,16.498578548431396
24.702987909317017,1.4889719614178991,0.2504976531226261,0.0,-0.01840815495903045,0.23571824211434747,99,99,0.07999660819768906,-0.009454973042011261,0,16.59873342514038
24.802823066711426,1.4961557416291407,0.24708873263375541,0.0,-0.01840815495903045,0.23571824211434747,99,99,0.07999589294195175,0.018323762342333794,0,16.69856858253479
24.90430235862732,1.5033865873038224,0.24366015252988668,0.0,-0.01840815495903045,0.23571824211434747,99,99,0.07999762892723083,0.07832376234233379,0,16.800047874450684
25.00327205657959,1.5106172011853403,0.24024615687453874,0.0,-0.01840815495903045,0.23571824211434747,99,99,0.07999918609857559,0.11718924343585968,0,16.899017572402954
25.101062774658203,1.516777507063848,0.2373735563381187,0.0,-0.01840815495903045,0.23571824211434747,99,99,0.07999996095895767,0.12668414413928986,0,16.996808290481567
25.203946590423584,1.5223670015646962,0.23483289498669407,0.0,-0.01840815495903045,0.23571824211434747,99,99,0.08000017702579498,0.18668414413928985,0,17.09969210624695
25.301021099090576,1.5283194537774567,0.23218899204673274,0.0,0.02795059929340135,0.23560207008461093,99,99,0.080000139772892,0.1280685544013977,0,17.19676661491394
25.40273094177246,1.5336965861497787,0.22986415074805863,0.0,0.02795059929340135,0.23560207008461093,99,99,0.08000007271766663,0.07224110513925552,0,17.298476457595825
25.500733613967896,1.540126453913783,0.2271652048398948,0.0,0.02795059929340135,0.23560207008461093,99,99,0.08000002056360245,0.12440245598554611,0,17.39647912979126
25.603241443634033,1.5463023780536203,0.22461168912069795,0.0,0.02795059929340135,0.23560207008461093,99,99,0.07999999821186066,0.1822165697813034,0,17.498986959457397
25.7027587890625,1.5521914820404203,0.22224092723611247,0.0,0.02795059929340135,0.23560207008461093,99,99,0.07999999076128006,0.12563633918762207,0,17.598504304885864
25.80273127555847,1.5578341207550825,0.22002455318010986,0.0,0.02795059929340135,0.23560207008461093,99,99,0.07999999076128006,0.12563633918762207,0,17.698476791381836
25.90131640434265,1.5636439716293071,0.2178246326028956,0.0,0.02795059929340135,0.23560207008461093,99,99,0.07999999076128006,-0.024363660812377924,0,17.797061920166016
26.003287076950073,1.570066343851855,0.21568619761257604,0.0,0.02795059929340135,0.23560207008461093,99,99,0.07999999076128006,-0.05196458846330643,0,17.899032592773438
26.10174298286438,1.5772226517273165,0.21329519476517358,0.0,0.02795059929340135,0.23560207008461093,99,99,0.07999999076128006,-0.002788793295621872,0,17.997488498687744
26.202786684036255,1.5844199775613907,0.2105967071805571,0.0,0.02795059929340135,0.23560207008461093,99,99,0.07999999076128006,-0.022145232185721397,0,18.09853219985962
26.301902294158936,1.5918844206952185,0.20779794811978067,0.0,0.06179630950630874,0.18548603226940139,99,99,0.07999999076128006,-0.03730896860361099,0,18.1976478099823
26.40302610397339,1.599286712892074,0.20501632978803708,0.0,0.06179630950630874,0.18548603226940139,99,99,0.07999999076128006,0.004257949069142342,0,18.298771619796753
26.50143599510193,1.6060837974836601,0.20244818798159625,0.0,0.06179630950630874,0.18548603226940139,99,99,0.07999999076128006,0.06425794906914234,0,18.397181510925293
26.603049516677856,1.6138827186519515,0.19950268305900318,0.0,0.06179630950630874,0.18548603226940139,99,99,0.07999999076128006,0.04676969349384308,0,18.49879503250122
26.702229261398315,1.6203587197041855,0.20609369618696957,0.0,0.06179630950630874,0.18548603226940139,99,99,0.07999999076128006,0.09589668363332748,0,18.59797477722168
26.804895162582397,1.6269636674163626,0.20371851862078588,0.0,0.06179630950630874,0.18548603226940139,99,99,0.07999999076128006,0.11622346937656403,0,18.70064067840576
26.904463052749634,1.6336722240105406,0.20135162034191403,0.0,0.06179630950630874,0.18548603226940139,99,99,0.07999999076128006,0.04122346937656403,0,18.800208568572998
27.003390073776245,1.639932784316344,0.1992127173825758,0.0014467758315009904,0.06179630950630874,0.18548603226940139,99,99,0.07999999076128006,-0.04061097353696823,0,18.89913558959961
27.103065013885498,1.6470672982292056,0.1968006122736348,0.006181548315675861,0.06179630950630874,0.18548603226940139,99,99,0.07999999076128006,-0.012406904250383377,0,18.998810529708862
27.20282244682312,1.6541925853799173,0.19437632329491525,0.01223380842987663,0.06179630950630874,0.18548603226940139,99,99,0.07999999076128006,0.021617446094751358,0,19.098567962646484
27.303820848464966,1.6617313129574642,0.1917994472110359,0.01833604212354371,0.06179630950630874,0.18548603226940139,99,99,0.07999999076128006,0.021617446094751358,0,19.19956636428833
27.40345072746277,1.66891291453496,0.18935526742774142,0.024687405188685188,0.15782612879526084,0.18525368820992835,99,99,0.07999999076128006,-0.013414489105343819,0,19.299196243286133
27.503832578659058,1.676703376058163,0.18670865877460396,0.03133154514626697,0.15782612879526084,0.18525368820992835,99,99,0.07999999076128006,-0.02177378162741661,0,19.399578094482422
27.603314876556396,1.684262103947474,0.18412656805169786,0.037969231532852636,0.15782612879526084,0.18525368820992835,99,99,0.07999999076128006,0.003981593064963818,0,19.49906039237976
27.70296621322632,1.6918170448265062,0.1815310358775529,0.044407076676259906,0.15782612879526084,0.18525368820992835,99,99,0.07999999076128006,-0.005380014888942242,0,19.598711729049683
27.80044150352478,1.6993562026486428,0.17894256185608778,0.0510622052504544,0.15782612879526084,0.18525368820992835,99,99,0.07999999076128006,-0.008038528263568878,0,19.696187019348145
27.903506994247437,1.7068995568926422,0.17635094747304386,0.05746056359347994,0.15782612879526084,0.18525368820992835,99,99,0.07999999076128006,-0.04299019277095795,0,19.7992525100708
28.003252029418945,1.7194535622982883,0.1739489455851865,0.06895726998122498,0.15782612879526084,0.18525368820992835,99,99,0.07999999076128006,-0.054250024259090424,0,19.89899754524231
28.104049921035767,1.7316701562397137,0.17166473110641134,0.08007108255161478,0.15782612879526084,0.18525368820992835,99,99,0.07999999076128006,-0.09506848454475403,0,19.99979543685913
28.2027485370636,1.738460873203965,0.16923842972137623,0.08602931083766495,0.15782612879526084,0.18525368820992835,99,99,0.07999999076128006,-0.12920573353767395,0,20.098494052886963
28.30332589149475,1.7446785048168614,0.1669736301753466,0.09154668124749593,0.15782612879526084,0.18525368820992835,99,99,0.07999999076128006,-0.1720937341451645,0,20.199071407318115
28.403080940246582,1.75020818151592,0.16490951848339366,0.09632608061190735,0.24507067910280875,0.15344373682825604,99,99,0.07999999076128006,-0.19849808514118195,0,20.298826456069946
28.5026752948761,1.7550693305892953,0.16304788438082932,0.1006872167923719,0.24507067910280875,0.15344373682825604,99,99,0.07999999076128006,-0.1554664522409439,0,20.398420810699463
28.602935075759888,1.7607112617907872,0.16081363071800978,0.10577145199672863,0.24507067910280875,0.15344373682825604,99,99,0.07999999076128006,-0.13937892019748688,0,20.498680591583252
28.703840255737305,1.7763150167290604,0.1579879175565656,0.12007568752320551,0.24507067910280875,0.15344373682825604,99,99,0.07999999076128006,-0.16096334159374237,0,20.59958577156067
28.802931308746338,1.781647813012498,0.15578466712184022,0.12484101077342363,0.24507067910280875,0.15344373682825604,99,99,0.07999999076128006,-0.15520718693733215,0,20.698676824569702
28.903706312179565,1.7870548956541854,0.15348815456366638,0.1297299322756538,0.24507067910280875,0.15344373682825604,99,99,0.07999999076128006,-0.15520718693733215,0,20.79945182800293
29.00342869758606,1.7923890638937567,0.15116363583115772,0.13441645674665503,0.24507067910280875,0.15344373682825604,99,99,0.07999999076128006,-0.13196881115436554,0,20.899174213409424
29.103678941726685,1.7979434181389324,0.14869411440173336,0.13937928615549078,0.24507067910280875,0.15344373682825604,99,99,0.07999999076128006,-0.12135417759418488,0,20.99942445755005
29.203211069107056,1.8035858717390976,0.14611931791697885,0.1444039396521671,0.24507067910280875,0.15344373682825604,99,99,0.07999999076128006,-0.11017639935016632,0,21.09895658493042
29.3032546043396,1.8088075132143235,0.1436924912761612,0.14894595090207233,0.24507067910280875,0.15344373682825604,99,99,0.07999999076128006,-0.1463552862405777,0,21.199000120162964
29.40300488471985,1.8152081488293534,0.14066399944072108,0.15466799926839375,0.2930735208720744,0.15332756479851953,99,99,0.07999999076128006,-0.14985693991184235,0,21.298750400543213
29.504772901535034,1.820452046802284,0.13759372970109546,0.15908845337176375,0.2930735208720744,0.15332756479851953,99,99,0.07999999076128006,-0.07485693991184235,0,21.4005184173584
29.60298252105713,1.8259296838398682,0.13491169283731533,0.16387383835113403,0.2930735208720744,0.15332756479851953,99,99,0.07999999076128006,-0.0015151863917708397,0,21.498728036880493
29.703288078308105,1.8324654156757845,0.1316743959379189,0.1694576784585984,0.2930735208720744,0.15332756479851953,99,99,0.07999999076128006,0.03216725215315819,0,21.59903359413147
29.80342721939087,1.8395041397949259,0.12817108334318622,0.17519159069183424,0.2930735208720744,0.15332756479851953,99,99,0.07999999076128006,0.0463571734726429,0,21.699172735214233
29.90343952178955,1.8464781490945659,0.12472067113183508,0.18076240826119896,0.2930735208720744,0.15332756479851953,99,99,0.07999999076128006,0.062307506799697876,0,21.799185037612915
30.00333857536316,1.8532463014351808,0.12140459912044131,0.18619005637248057,0.2930735208720744,0.15332756479851953,99,99,0.07999999076128006,0.12230750679969787,0,21.899084091186523
30.103960752487183,1.859631542148024,0.1183160107173779,0.19111021717444715,0.2930735208720744,0.15332756479851953,99,99,0.07999999076128006,0.24198153376579284,0,21.999706268310547
30.203556537628174,1.8653812722167655,0.11560125227730642,0.19544611349982804,0.2930735208720744,0.15332756479851953,99,99,0.07999999076128006,0.3302096402645111,0,22.099302053451538
30.302786111831665,1.8702161526239238,0.11339431776750819,0.19896237813288448,0.2930735208720744,0.15332756479851953,99,99,0.08014676719903946,0.3746904134750366,0,22.19853162765503
30.40295147895813,1.8744044516796614,0.11155765353287564,0.20192303672096423,0.2930735208720744,0.15332756479851953,99,99,0.08019426465034485,0.38,0,22.298696994781494
30.50285291671753,1.8781780414121005,0.10998287599018007,0.20467155857420802,0.3253004809067188,0.08765601567235996,99,99,0.08023368567228317,0.38,0,22.398598432540894
30.603013038635254,1.8818453247072704,0.10853175497000508,0.20777037061872808,0.3253004809067188,0.08765601567235996,99,99,0.08013781905174255,0.3785993456840515,0,22.498758554458618
30.70349097251892,1.8857346325035225,0.10707800241357956,0.21148423120180246,0.3253004809067188,0.08765601567235996,99,99,0.0798090398311615,0.37527647614479065,0,22.599236488342285
30.802940845489502,1.8898324512352969,0.10563646510126351,0.2158387577132112,0.3253004809067188,0.08765601567235996,99,99,0.07932506501674652,0.3722023367881775,0,22.698686361312866
30.90306520462036,1.8931955984710211,0.10452246614436633,0.21972574327127792,0.3253004809067188,0.08765601567235996,99,99,0.07778986543416977,0.36872658133506775,0,22.798810720443726
31.00277090072632,1.8977682898764299,0.10309922168378273,0.22532973042297597,0.3253004809067188,0.08765601567235996,99,99,0.07520873844623566,0.36547765135765076,0,22.898516416549683
31.103223085403442,1.8822515353121092,0.10338157802912512,0.210313572393158,0.3253004809067188,0.08765601567235996,99,99,0.07746794074773788,0.36534640192985535,0,22.998968601226807
31.202932596206665,1.886193144633978,0.10226607068445233,0.2154438503855002,0.3253004809067188,0.08765601567235996,99,99,0.07636970281600952,0.3584524691104889,0,23.09867811203003
31.306209564208984,1.8902207733539025,0.10119809482223986,0.22094663577261325,0.3253004809067188,0.08765601567235996,99,99,0.07461513578891754,0.34758877754211426,0,23.20195508003235
31.402732849121094,1.894068021412969,0.1002495968399509,0.22655531088228184,0.3253004809067188,0.08765601567235996,99,99,0.07180678844451904,0.3288331627845764,0,23.298478364944458
31.503366947174072,1.8981747308045482,0.09931495725303055,0.23282251133926835,0.37455237302437117,0.08753984364262345,99,99,0.06879166513681412,0.30696210265159607,0,23.399112462997437
31.60345196723938,1.902269303455539,0.0984656537271088,0.23934264347048914,0.37455237302437117,0.08753984364262345,99,99,0.06554333120584488,0.2831703722476959,0,23.499197483062744
31.70360565185547,1.9064084405662975,0.09769226758810552,0.24635244306514723,0.37455237302437117,0.08753984364262345,99,99,0.06212390959262848,0.2593329846858978,0,23.599351167678833
31.80349588394165,1.9105641365267572,0.09700654028417272,0.25370068720426,0.37455237302437117,0.08753984364262345,99,99,0.0584702230989933,0.2319255769252777,0,23.699241399765015
31.90324306488037,1.9151670451571694,0.09634652941491753,0.2618720450697487,0.37455237302437117,0.08753984364262345,99,99,0.0434702230989933,0.1569255769252777,0,23.798988580703735
