34.0,1,2.172949790605932,-0.006317330409524945,-77.91199685614717,2.1420244922453624,0.04626123553164385,-77.31211004464508,124.04681724139444,0.08374076336622238,-0.3799999952316284,0.030558356327574015,-0.03014944367372364,-0.5998868115021067,0
34.51,1,2.1481468515168296,-0.016845026540706638,-81.95562921175144,2.146061984975621,0.025495531796516157,-80.75585558874738,118.35447841614753,0.0779973641037941,-0.3799999952316284,0.002021518420845085,0.0026002850468922496,-1.1997736230040708,0
35.0,1,2.1504312599456417,-0.03742008376646433,-85.42772135567353,2.1487767027977456,0.004972817335240076,-84.22794773266943,113.06246430509559,0.06411536782979965,-0.3799999952316284,0.002021518420845085,0.0026002850468922496,-1.1997736230040708,0
35.5,1,2.1212125816310166,-0.025743491662603965,-90.20285926295637,2.1499415173125143,-0.013330213770304822,-89.00308563995227,106.43497496742481,0.045948732644319534,-0.3799999952316284,-0.027978481579155248,0.03260028504689238,-1.1997736230040674,0
36.01,1,2.1205055049579093,-0.04078250173034081,-95.4345498243332,2.1495494895115135,-0.028380731882396044,-94.23477620132915,99.5945721374079,0.0337255522608757,-0.3799999952316284,-0.027978481579155248,0.03260028504689238,-1.1997736230040674,0
36.5,1,2.118939220445614,-0.05170302058665386,-101.62762929256648,2.1482122073351695,-0.03933165219282553,-100.4278556695624,91.11776020105712,0.01049073040485382,-0.3799999952316284,-0.027978481579155248,0.03260028504689238,-1.1997736230040674,0
37.0,1,2.1186248578506426,-0.0534066713983923,-110.35539376025397,2.147933585500046,-0.04104151177841918,-109.1556201372499,81.4875822647879,-0.02421652525663376,-0.3799999952316284,-0.027978481579155248,0.03260028504689238,-1.1997736230040674,0
37.51,1,2.1229741832048186,-0.04383216733811334,-117.56787064090507,2.15208148187174,-0.03137803855568669,-116.36809701790102,72.93791479940128,-0.04481600597500801,-0.3799999952316284,-0.027978481579155248,0.03260028504689238,-1.1997736230040674,0
38.0,1,2.1308790952803616,-0.030636392894433533,-123.96105792769997,2.1597083615997597,-0.018019640309457623,-122.7612843046959,66.14315856390513,-0.051407989114522934,-0.3799999952316284,-0.027978481579155248,0.03260028504689238,-1.1997736230040674,0
38.5,1,2.140739399996009,-0.01764636875958312,-130.2167782785571,2.169294513376359,-0.0048260043350412864,-129.01700465555302,59.1157386034816,-0.05310550704598427,-0.3799999952316284,-0.027978481579155248,0.03260028504689238,-1.1997736230040674,0
39.0,1,2.1520077731446903,-0.005790612215466187,-136.7613983149911,2.1803121747174243,0.007263095516680097,-135.56162469198705,52.653592227565035,-0.05164629593491554,-0.3799999952316284,-0.027978481579155248,0.03260028504689238,-1.1997736230040674,0
39.51,1,2.164742100364611,0.004743442072375283,-144.30262734159206,2.192823143165743,0.018061477708859568,-143.102853718588,45.56324072352351,-0.052163440734148026,-0.3799999952316284,-0.027978481579155248,0.03260028504689238,-1.1997736230040674,0
40.01,1,2.138221414883609,0.1724758536176523,-152.8764295514553,2.2057884489335193,0.026544505479245896,-151.4766936579506,38.8046739811738,-0.0020768667012453085,-0.38,-0.06755724981732644,0.1998213206979073,-1.3997358935047257,0
40.5,1,2.1394329273770865,0.17302277017955012,-166.1149141989771,2.2069862400719664,0.027120853148790407,-164.71517830547236,28.036926472772205,-0.01255900040268898,-0.33626267313957214,-0.06755724981732644,0.1998213206979073,-1.3997358935047257,0
41.0,1,2.1474028764579716,0.17420624712561333,-174.12601538826675,2.214924901473161,0.0284986634372365,-172.726279494762,20.1413587094161,-0.026221202686429024,-0.17319397628307343,-0.06755724981732644,0.1998213206979073,-1.3997358935047257,0
41.5,1,2.1612943165881915,0.17516232885339184,-177.28196396025191,2.2287888416775345,0.029793793998702023,-175.88222806674722,15.75410031803898,-0.03227921575307846,-0.0695633813738823,-0.06755724981732644,0.1998213206979073,-1.3997358935047257,0
42.01,1,2.2177359998101087,0.19513851854421405,-178.80902263087424,2.245196797612433,0.030727443663412776,-177.20932446686888,14.365550844733523,-0.031810078769922256,-0.009436115622520447,-0.02744355832983804,0.2271008012180755,-1.5996981640053638,0
42.51,1,2.2271726630934263,0.19531431756660156,-177.97556694144012,2.2546248753995575,0.031166611579949783,-176.37586877743476,14.929159274517417,-0.0048382580280303955,0.08828414231538773,-0.02744355832983804,0.2271008012180755,-1.5996981640053638,0
43.01,1,2.22920874745196,0.19542049313772586,-176.26101893707556,2.256657202182067,0.03132958586032545,-174.6613207730702,16.566422568717762,-0.004105838015675545,0.04876115545630455,-0.02744355832983804,0.2271008012180755,-1.5996981640053638,0
43.51,1,2.2357530438707975,0.19588858369536463,-176.52193555103545,2.263185880650197,0.03198018700352531,-174.9222373870301,16.245975320278415,-0.06268461793661118,-0.1722508817911148,-0.02744355832983804,0.2271008012180755,-1.5996981640053638,0
44.0,1,2.2629597003317974,0.1968294084489298,-179.0634834413989,2.290355669232038,0.0336801562449601,-177.46378527739353,13.48011684723725,-0.060169655829668045,-0.050338346511125565,-0.02744355832983804,0.2271008012180755,-1.5996981640053638,0
