0,?,514,0
1,가운데,514,0
2,가운데,520,0
3,가운데,520,0
4,가운데,554,0
5,가운데,541,0
6,가운데,541,0
7,가운데,554,0
8,가운데,550,0
9,가운데,550,0
10,가운데,550,0
11,가운데,599,0
12,가운데,599,0
13,가운데,597,0
14,가운데,664,0
15,가운데,604,0
16,가운데,604,0
17,가운데,592,0
18,가운데,599,0
19,가운데,599,0
20,가운데,629,0
21,가운데,629,0
22,가운데,631,0
23,가운데,631,0
24,가운데,632,0
25,가운데,632,0
26,가운데,612,3
27,가운데,568,0
28,가운데,561,0
29,가운데,561,0
30,가운데,546,0
31,가운데,546,0
32,가운데,568,0
33,가운데,568,0
34,가운데,587,0
35,가운데,628,0
36,가운데,702,0
37,가운데,702,0
38,가운데,752,4
39,가운데,752,0
40,가운데,784,0
41,가운데,784,0
42,가운데,797,0
43,가운데,797,0
44,가운데,781,0
45,가운데,819,14
46,동,819,0
47,동,1078,0
48,동,1078,0
49,가운데,1191,12
50,동,1191,4
51,동,1055,3
52,동,1081,4
53,동,1042,4
54,동,1042,0
55,동,1000,0
56,동,932,0
57,동,932,0
58,동,978,0
59,동,1000,4
60,동,1001,4
61,동,1001,4
62,동,1032,4
63,동,1032,4
64,동,987,0
65,동,987,0
66,동,983,0
67,동,983,3
68,동,1069,4
69,동,1082,4
70,동,1082,6
71,서,1110,0
72,서,1138,0
73,서,1138,0
74,서,1185,0
75,서,1185,0
76,서,1207,0
77,서,1251,0
78,서,1251,6
79,서,1173,0
80,서,1173,0
81,서,1147,0
82,서,1204,0
83,서,1204,0
84,서,1180,0
85,서,1180,0
86,서,1174,0
87,서,1174,0
88,서,1186,0
89,서,1186,0
90,서,1209,0
91,서,1209,0
92,서,1171,0
93,서,1171,0
94,서,1197,0
95,서,1197,0
96,서,1218,0
97,서,1275,0
98,서,1279,0
99,서,1279,0
100,서,1270,0
101,서,1265,0
102,서,1265,0
103,서,1323,0
104,서,1327,0
105,서,1327,0
106,서,1279,0
107,서,1302,0
108,서,1285,0
109,서,1285,0
110,서,1276,0
111,서,1276,0
112,서,1284,0
113,서,1284,0
114,서,1315,0
115,서,1315,0
116,서,1325,0
117,동,1292,16
118,동,1292,20
119,동,1232,8
120,동,1249,9
121,동,1249,8
122,동,1248,8
123,동,1248,9
124,동,1259,8
125,동,1266,9
126,동,1266,9
127,동,1172,9
128,동,1263,8
129,동,1263,8
130,동,1370,8
131,동,1522,8
132,동,1522,8
133,동,1552,9
134,동,1573,9
135,동,1573,8
136,동,1603,9
137,동,1603,9
138,동,1540,9
139,동,1540,9
140,동,1479,9
141,동,1451,8
142,동,1451,8
143,동,1543,8
144,서,1500,0
145,동,1492,8
146,동,1492,8
147,동,1496,8
148,동,1486,8
149,동,1477,8
150,동,1477,8
151,동,1531,7
152,동,1503,6
153,동,1503,6
154,동,1384,6
155,동,1463,6
156,동,1463,6
157,동,1404,0
158,동,1404,0
159,서,1441,0
160,서,1482,0
161,서,1482,0
162,서,1465,0
163,서,1460,0
164,서,1425,0
165,서,1425,0
166,서,1335,0
167,서,1335,0
168,서,1323,0
169,서,1279,0
170,서,1282,0
171,서,1282,0
172,서,1297,0
173,서,1297,0
174,서,1335,0
175,서,1335,0
176,서,1338,0
177,서,1338,0
178,서,1352,0
179,서,1341,0
180,서,1341,0
181,서,1303,0
182,서,1303,0
183,서,1305,0
184,서,1305,0
185,서,1328,0
186,서,1338,0
187,서,1352,0
188,서,1352,0
189,서,1356,0
190,서,1350,0
191,동,1350,14
192,동,1310,0
193,동,1321,0
194,동,1309,0
195,동,1309,0
196,동,1310,0
197,동,1337,0
198,동,1320,0
199,동,1320,0
200,동,1365,0
201,동,1336,0
202,동,1336,0
203,동,1323,0
