t,dyaw_deg,front_x,center_y,accepted,reason
0.5011141300201416,2.3340329150079717,1.1522478127709543,-0.13481714262201822,1,ok
1.0035581588745117,5.650739600962194,nan,nan,0,yaw
1.6007814407348633,9.181150432406898,nan,nan,0,yaw
2.1065738201141357,11.737007397794626,nan,nan,0,yaw
2.701320171356201,14.215972809307235,nan,nan,0,yaw
3.3017513751983643,15.964898765428654,nan,nan,0,yaw
3.9032726287841797,17.96210207215833,nan,nan,0,yaw
4.501418590545654,19.886168542232333,nan,nan,0,yaw
5.101240158081055,21.705428909128667,nan,nan,0,yaw
5.701630592346191,22.84914731250231,nan,nan,0,yaw
6.2034008502960205,23.49105470563871,nan,nan,0,yaw
6.80065131187439,24.359006551425384,nan,nan,0,yaw
7.301700115203857,24.843609241594528,nan,nan,0,yaw
7.900792598724365,24.013662455598997,nan,nan,0,yaw
8.40265965461731,20.59061832295764,nan,nan,0,yaw
9.000991106033325,15.453440571441044,nan,nan,0,yaw
9.502824544906616,12.960510839583653,nan,nan,0,yaw
10.101265668869019,15.272651103076985,nan,nan,0,yaw
10.701229095458984,19.70134011934721,nan,nan,0,yaw
11.301494836807251,25.47692069489563,nan,nan,0,yaw
11.802991390228271,27.314719647662802,nan,nan,0,yaw
12.401049613952637,25.661520759954495,nan,nan,0,yaw
12.901400327682495,21.100938681522315,nan,nan,0,yaw
13.5010244846344,15.703915809722353,nan,nan,0,yaw
14.0013587474823,12.016305302254839,nan,nan,0,yaw
14.50157356262207,8.937642856947706,nan,nan,0,yaw
15.100901126861572,7.238163824864232,nan,nan,0,yaw
15.60105013847351,5.652208914417672,nan,nan,0,yaw
16.101093769073486,3.9923371954471567,nan,nan,0,none
16.700963258743286,1.6751112293292683,nan,nan,0,none
17.201149225234985,0.572682494725647,nan,nan,0,none
17.70120668411255,-0.4561953546458055,nan,nan,0,none
18.30020499229431,-0.6106078133253323,nan,nan,0,none
18.801037311553955,-0.23556289603234706,nan,nan,0,none
19.20082950592041,-0.08006718951796164,1.3838213024681425,-0.30319284864501794,0,jump
19.3003933429718,-0.13688596653618193,1.371561439108231,-0.2898852048339712,0,jump
19.400779962539673,-0.13691653777931523,1.3683934362033772,-0.28764544621971944,0,jump
19.500253438949585,-0.13804055486572994,1.3606545441879552,-0.23468804270518026,0,jump
19.600711345672607,0.25002622535248786,1.3606545441879552,-0.23468804270518026,0,jump
19.70258641242981,0.33431211625498,1.3504482263901447,-0.1818754749570974,0,jump
19.80095624923706,0.605051946685395,1.3373416253099635,-0.10785678555653563,0,jump
19.90080952644348,0.8154769104947418,1.3295072263860184,-0.043225178266137365,0,jump
20.00196409225464,0.8735810566201925,1.3295072263860184,-0.043225178266137365,0,jump
20.101090908050537,0.8515953489244505,1.3208544198121859,-0.030023681338767705,0,jump
20.20121121406555,0.8406929748092853,1.3062440261911448,-0.029812670985053816,0,jump
20.301076412200928,0.6037180329154408,1.2959908273283496,-0.04118212868129793,0,jump
20.401134490966797,0.28461560208099795,1.2927711993616577,-0.040688980639207464,0,jump
20.50128984451294,0.07655567126607689,1.284714857572705,-0.0403367325705222,0,jump
20.60095524787903,-0.2889593461391686,1.2757684696998437,-0.03970267898164047,0,jump
20.70122003555298,-0.7388933311705532,1.272912358258886,-0.027431247435472983,0,jump
20.801063060760498,-1.1153992537320392,1.2698046912478647,-0.026768064335879777,0,jump
20.902937173843384,-1.7446319004718578,1.264905130774265,-0.014840073842005794,0,jump
21.000863313674927,-2.0147074797905806,1.2608767803664975,-0.014012950932863949,0,jump
21.101136445999146,-2.5917407147542235,1.2545268727238532,-0.013837499134027972,0,jump
21.20060682296753,-2.6859064236545964,1.2461727950097188,-0.013386345427248127,0,jump
21.301467418670654,-3.3335975746691036,1.2441530373058554,-0.0018932372135559879,0,jump
21.40091633796692,-4.1139933921322775,1.2405321310325916,-0.012133134648592517,0,jump
21.50145721435547,-4.615303220611664,1.239372311709041,-0.0009340108348613735,0,jump
22.102518320083618,-8.597287826456686,nan,nan,0,yaw
22.701488256454468,-11.879231821164144,nan,nan,0,yaw
23.30073046684265,-15.348483000664144,nan,nan,0,yaw
23.80095887184143,-17.15622532386322,nan,nan,0,yaw
24.30102229118347,-19.02726075757649,nan,nan,0,yaw
24.90099787712097,-20.220165363465576,nan,nan,0,yaw
25.501123189926147,-22.562140997483052,nan,nan,0,yaw
26.101107120513916,-25.35633912097487,nan,nan,0,yaw
26.70084857940674,-29.495854941235937,nan,nan,0,yaw
27.3008770942688,-33.61523514512264,nan,nan,0,yaw
27.801031827926636,-34.83526097601888,nan,nan,0,yaw
28.302006006240845,-33.072535227694715,nan,nan,0,yaw
28.9010808467865,-28.965355910601108,nan,nan,0,yaw
29.401177406311035,-24.226131374164943,nan,nan,0,yaw
29.90158176422119,-19.27674922457,nan,nan,0,yaw
30.50245189666748,-13.677558261486455,nan,nan,0,yaw
31.100965976715088,-13.195369822334044,nan,nan,0,yaw
