t,rep,map_x,map_y,map_yaw,odom_x,odom_y,odom_yaw,scan_min
3.01,1,0.0,0.0,0.39237510019276783,0.0,0.0,0.39237510019276783,0.59
3.12,1,0.0,0.0,0.3824508739749214,0.0,0.0,0.3824508739749214,0.59
3.24,1,0.00015617417867398297,-2.2113402989198094e-06,-1.9293406941804017,0.00015617417867398297,-2.2113402989198094e-06,-1.9293406941804017,0.591
3.34,1,0.0003266848905461609,-1.0564360846199124e-05,-4.070943869686512,0.0003266848905461609,-1.0564360846199124e-05,-4.070943869686512,0.592
3.44,1,0.00047880788730099276,-2.3437103362550008e-05,-6.123886420114504,0.00047880788730099276,-2.3437103362550008e-05,-6.123886420114504,0.588
3.54,1,0.0006488637565990605,-4.4680997404907586e-05,-8.169323983222828,0.0006488637565990605,-4.4680997404907586e-05,-8.169323983222828,0.59
3.66,1,0.0007313002502811026,-5.961346626080008e-05,-10.135059280620201,0.0007313002502811026,-5.961346626080008e-05,-10.135059280620201,0.584
3.77,1,0.0007848197560618905,-7.08207542155438e-05,-12.053296039596937,0.0007848197560618905,-7.08207542155438e-05,-12.053296039596937,0.588
3.87,1,0.001036317721571316,-0.00012676797293809436,-14.0388454330268,0.001036317721571316,-0.00012676797293809436,-14.0388454330268,0.58
3.97,1,0.0010879174101232807,-0.00014039089592329714,-15.820480204876853,0.0010879174101232807,-0.00014039089592329714,-15.820480204876853,0.58
4.07,1,0.0012497893461947671,-0.0001874471616990105,-17.450007489654137,0.0012497893461947671,-0.0001874471616990105,-17.450007489654137,0.578
4.17,1,0.0013521369307472656,-0.00022145005300170414,-19.192631064537174,0.0013521369307472656,-0.00022145005300170414,-19.192631064537174,0.572
4.27,1,0.001382056449487707,-0.00023342246055343315,-21.086742595755943,0.001382056449487707,-0.00023342246055343315,-21.086742595755943,0.573
4.37,1,0.0013838172092416941,-0.00023467947581313518,-23.200233309457147,0.0013838172092416941,-0.00023467947581313518,-23.200233309457147,0.568
4.47,1,0.0014508426517157765,-0.00026379701120918773,-25.32131057787589,0.0014508426517157765,-0.00026379701120918773,-25.32131057787589,0.561
4.58,1,0.001536345461838692,-0.00030516316834131653,-27.23217381163055,0.001536345461838692,-0.00030516316834131653,-27.23217381163055,0.565
4.69,1,0.0016228678407749807,-0.00035185031223341194,-29.251722542704982,0.0016228678407749807,-0.00035185031223341194,-29.251722542704982,0.569
4.81,1,0.001690664094419201,-0.00039272247644196934,-31.884737788773144,0.001690664094419201,-0.00039272247644196934,-31.884737788773144,0.566
4.91,1,0.00173136585052459,-0.000419078159796803,-33.63366044140477,0.00173136585052459,-0.000419078159796803,-33.63366044140477,0.567
5.01,1,0.0017636872736175627,-0.00044229169442972427,-35.49562795142188,0.0017636872736175627,-0.00044229169442972427,-35.49562795142188,0.567
5.12,1,0.0017718089212313767,-0.00044818629732764725,-37.51092791722703,0.0017718089212313767,-0.00044818629732764725,-37.51092791722703,0.564
5.24,1,0.0017912870912513872,-0.00046320120434273875,-40.04244799732571,0.0017912870912513872,-0.00046320120434273875,-40.04244799732571,0.566
5.34,1,0.0018122215244037836,-0.00048081115627910087,-41.941272268297375,0.0018122215244037836,-0.00048081115627910087,-41.941272268297375,0.562
5.44,1,0.001823140538288454,-0.000491369604039886,-43.67843563453945,0.001823140538288454,-0.000491369604039886,-43.67843563453945,0.563
5.54,1,0.0017668987923899863,-0.0004380078614686457,-44.81977068920803,0.0017668987923899863,-0.0004380078614686457,-44.81977068920803,0.567
5.66,1,0.0018137280759793,-0.00048345273151721604,-47.149468669469655,0.0018137280759793,-0.00048345273151721604,-47.149468669469655,0.566
5.76,1,0.001801509142691412,-0.00047053088853621936,-49.057142316142894,0.001801509142691412,-0.00047053088853621936,-49.057142316142894,0.567
5.86,1,0.0017758515433539263,-0.00043931159169111804,-51.13193365715773,0.0017758515433539263,-0.00043931159169111804,-51.13193365715773,0.568
5.97,1,0.0018078999939173358,-0.0004790765052137405,-53.07796940074932,0.0018078999939173358,-0.0004790765052137405,-53.07796940074932,0.566
6.07,1,0.0017843197207051556,-0.00044824483753796784,-55.74828842005761,0.0017843197207051556,-0.00044824483753796784,-55.74828842005761,0.567
6.17,1,0.0018044989461026267,-0.00047688712228576236,-57.62482442283615,0.0018044989461026267,-0.00047688712228576236,-57.62482442283615,0.571
6.27,1,0.0018175759603188248,-0.000498919884526418,-59.5132727423897,0.0018175759603188248,-0.000498919884526418,-59.5132727423897,0.574
6.37,1,0.0018224315392040143,-0.0005084836963515354,-61.53223240326372,0.0018224315392040143,-0.0005084836963515354,-61.53223240326372,0.577
6.47,1,0.0018263385672343292,-0.000515491394059936,-63.528544951233776,0.0018263385672343292,-0.000515491394059936,-63.528544951233776,0.577
6.57,1,0.0018867722289114411,-0.0006368543159547059,-65.21584685651736,0.0018867722289114411,-0.0006368543159547059,-65.21584685651736,0.579
6.67,1,0.0018471366255065763,-0.0005548361433253688,-66.99924686963817,0.0018471366255065763,-0.0005548361433253688,-66.99924686963817,0.581
6.77,1,0.001834848577013039,-0.0005239942343148672,-68.78980522978878,0.001834848577013039,-0.0005239942343148672,-68.78980522978878,0.577
6.87,1,0.0018381377947129047,-0.0005317918823578797,-70.59947874103496,0.0018381377947129047,-0.0005317918823578797,-70.59947874103496,0.579
6.97,1,0.001815173156452998,-0.00046466146129358347,-72.51545022422901,0.001815173156452998,-0.00046466146129358347,-72.51545022422901,0.581
7.07,1,0.0018190499434035396,-0.000473841311343246,-74.37582498533183,0.0018190499434035396,-0.000473841311343246,-74.37582498533183,0.585
7.17,1,0.0018438989500964523,-0.0005621766271320476,-75.93132591340154,0.0018438989500964523,-0.0005621766271320476,-75.93132591340154,0.588
7.27,1,0.0018406158102445805,-0.0005545761508275838,-77.46667701212097,0.0018406158102445805,-0.0005545761508275838,-77.46667701212097,0.591
7.37,1,0.0018440067420192746,-0.0005731254941859943,-79.09088768394639,0.0018440067420192746,-0.0005731254941859943,-79.09088768394639,0.593
7.47,1,0.0018467569760582778,-0.0005877887218737354,-81.02270301794718,0.0018467569760582778,-0.0005877887218737354,-81.02270301794718,0.596
7.57,1,0.001852904077483658,-0.0006282395524827713,-83.0503982631857,0.001852904077483658,-0.0006282395524827713,-83.0503982631857,0.598
7.67,1,0.001849878247611118,-0.000606706116607651,-84.84919925698438,0.001849878247611118,-0.000606706116607651,-84.84919925698438,0.601
7.78,1,0.001848618686426763,-0.0005918311906780956,-86.13203028814135,0.001848618686426763,-0.0005918311906780956,-86.13203028814135,0.604
7.89,1,0.0018495025599594827,-0.0005967979241582616,-88.60478425445892,0.0018495025599594827,-0.0005967979241582616,-88.60478425445892,0.608
8.01,1,0.0018502270174994564,-0.0006620089494345002,-90.84281175881175,0.0018502270174994564,-0.0006620089494345002,-90.84281175881175,0.611
8.12,1,0.0018520994321720365,-0.0005834347714662282,-92.69118461204917,0.0018520994321720365,-0.0005834347714662282,-92.69118461204917,0.616
8.24,1,0.0018544864792750832,-0.0005683986651323147,-95.2379200632468,0.0018544864792750832,-0.0005683986651323147,-95.2379200632468,0.623
8.34,1,0.0018577526614353395,-0.0005355336203454708,-97.11919171932422,0.0018577526614353395,-0.0005355336203454708,-97.11919171932422,0.626
8.46,1,0.0018491368254967629,-0.000607728900885085,-98.97480691718938,0.0018491368254967629,-0.000607728900885085,-98.97480691718938,0.629
8.56,1,0.0018375390568189408,-0.0006811805966624906,-100.76031767129865,0.0018375390568189408,-0.0006811805966624906,-100.76031767129865,0.624
8.66,1,0.0018455629267219078,-0.0006328780530113964,-102.67550279643388,0.0018455629267219078,-0.0006328780530113964,-102.67550279643388,0.625
8.77,1,0.001859597556639472,-0.000571046960097273,-104.4474286285997,0.001859597556639472,-0.000571046960097273,-104.4474286285997,0.623
8.87,1,0.0018473172140767737,-0.0006194104586828645,-107.05594610553892,0.0018473172140767737,-0.0006194104586828645,-107.05594610553892,0.625
8.97,1,0.0018535818454981272,-0.0005970337058221895,-109.06281231470746,0.0018535818454981272,-0.0005970337058221895,-109.06281231470746,0.616
9.07,1,0.00185201932191987,-0.0006027597563326514,-111.26665210417076,0.00185201932191987,-0.0006027597563326514,-111.26665210417076,0.613
9.17,1,0.0018476001001303405,-0.000614676971552669,-113.50895151894315,0.0018476001001303405,-0.000614676971552669,-113.50895151894315,0.61
9.27,1,0.0018281150902850264,-0.0006583075280699686,-115.50167930810363,0.0018281150902850264,-0.0006583075280699686,-115.50167930810363,0.608
9.37,1,0.0018115205939861743,-0.000691070841277712,-117.38053299856178,0.0018115205939861743,-0.000691070841277712,-117.38053299856178,0.604
9.47,1,0.0018140164452505143,-0.0006851633651246074,-119.411962374991,0.0018140164452505143,-0.0006851633651246074,-119.411962374991,0.607
9.57,1,0.0018503773640509862,-0.0006214439244554951,-121.5351419201277,0.0018503773640509862,-0.0006214439244554951,-121.5351419201277,0.606
9.67,1,0.0018573676566947782,-0.0006125355640033356,-123.75725505625701,0.0018573676566947782,-0.0006125355640033356,-123.75725505625701,0.599
9.77,1,0.0018835837170259704,-0.0005748207346472024,-125.931964943696,0.0018835837170259704,-0.0005748207346472024,-125.931964943696,0.594
9.87,1,0.001936602549861511,-0.0005037848752522047,-128.1250331613044,0.001936602549861511,-0.0005037848752522047,-128.1250331613044,0.598
9.97,1,0.0019321617438761642,-0.0005102002510377505,-130.25457205873107,0.0019321617438761642,-0.0005102002510377505,-130.25457205873107,0.598
10.07,1,0.0019258068373354444,-0.0005170328052043958,-132.49884244116188,0.0019258068373354444,-0.0005170328052043958,-132.49884244116188,0.596
10.17,1,0.0019049567883595798,-0.0005393180141733048,-134.50057240154456,0.0019049567883595798,-0.0005393180141733048,-134.50057240154456,0.596
10.28,1,0.001906615162462502,-0.0005374362622072768,-136.56657425841402,0.001906615162462502,-0.0005374362622072768,-136.56657425841402,0.592
10.38,1,0.0019117181616948714,-0.000533503526686495,-138.7293016628545,0.0019117181616948714,-0.000533503526686495,-138.7293016628545,0.589
10.48,1,0.0019128727696392756,-0.0005326927842127494,-140.84861529987035,0.0019128727696392756,-0.0005326927842127494,-140.84861529987035,0.588
10.59,1,0.0019187251597632326,-0.0005274891997955733,-143.05946896068704,0.0019187251597632326,-0.0005274891997955733,-143.05946896068704,0.585
10.7,1,0.0019310373638483753,-0.0005184789571658812,-145.3301136344795,0.0019310373638483753,-0.0005184789571658812,-145.3301136344795,0.585
10.81,1,0.0018917045113666876,-0.0005452603474526687,-148.04531466928756,0.0018917045113666876,-0.0005452603474526687,-148.04531466928756,0.586
10.91,1,0.0018529420959318183,-0.0005686963164926703,-150.09628513560676,0.0018529420959318183,-0.0005686963164926703,-150.09628513560676,0.587
11.02,1,0.0019130685588919342,-0.0005337212201432499,-152.09043922878666,0.0019130685588919342,-0.0005337212201432499,-152.09043922878666,0.585
11.14,1,0.0019143334076959105,-0.0005329929741706327,-154.89677082891845,0.0019143334076959105,-0.0005329929741706327,-154.89677082891845,0.585
11.26,1,0.0019313521989149497,-0.000524782395186062,-156.77761123164598,0.0019313521989149497,-0.000524782395186062,-156.77761123164598,0.585
11.37,1,0.001929698665335452,-0.0005248520621775556,-158.6268995791633,0.001929698665335452,-0.0005248520621775556,-158.6268995791633,0.582
11.47,1,0.0019051566466887226,-0.0005346501623715572,-161.11103348131604,0.0019051566466887226,-0.0005346501623715572,-161.11103348131604,0.584
11.57,1,0.0019266250101892355,-0.0005273764681339692,-163.13430265891867,0.0019266250101892355,-0.0005273764681339692,-163.13430265891867,0.579
11.67,1,0.0019398548901788403,-0.000523872315898728,-165.2988402984734,0.0019398548901788403,-0.000523872315898728,-165.2988402984734,0.581
11.77,1,0.001983280487122402,-0.0005132175411071482,-167.39625757594578,0.001983280487122402,-0.0005132175411071482,-167.39625757594578,0.583
11.87,1,0.00197420695423189,-0.0005156866023927655,-169.4374926020891,0.00197420695423189,-0.0005156866023927655,-169.4374926020891,0.582
11.97,1,0.001983153815296981,-0.0005142955217550164,-171.58244606938692,0.001983153815296981,-0.0005142955217550164,-171.58244606938692,0.583
12.07,1,0.001939863063432392,-0.0005202109474084862,-173.67360709039576,0.001939863063432392,-0.0005202109474084862,-173.67360709039576,0.583
19.14,2,0.002024140914678578,-0.0005129207766499353,-175.7935647388914,0.002024140914678578,-0.0005129207766499353,-175.7935647388914,0.584
19.26,2,0.00202401116218456,-0.0005129303014628785,-175.89595888613238,0.00202401116218456,-0.0005129303014628785,-175.89595888613238,0.583
19.37,2,0.0017308463841672985,-0.0005303353908407236,-177.7745173008364,0.0017308463841672985,-0.0005303353908407236,-177.7745173008364,0.584
19.48,2,0.0015488014809017236,-0.0005349027624709747,-179.7077883694738,0.0015488014809017236,-0.0005349027624709747,-179.7077883694738,0.585
19.59,2,0.0014053827657226437,-0.0005322985339116764,177.64717858555252,0.0014053827657226437,-0.0005322985339116764,177.64717858555252,0.587
19.7,2,0.001310435933962954,-0.0005265979109451638,175.8914134912028,0.001310435933962954,-0.0005265979109451638,175.8914134912028,0.586
19.81,2,0.001199077689874689,-0.0005156635143668659,173.16606015893558,0.001199077689874689,-0.0005156635143668659,173.16606015893558,0.588
19.91,2,0.001144401234388869,-0.000507961683889709,171.35841579220173,0.001144401234388869,-0.000507961683889709,171.35841579220173,0.584
20.01,2,0.001063443935159395,-0.0004948423782084294,169.2515723078547,0.001063443935159395,-0.0004948423782084294,169.2515723078547,0.587
20.12,2,0.000971977425350573,-0.00047638514317568074,167.13698467599048,0.000971977425350573,-0.00047638514317568074,167.13698467599048,0.586
20.24,2,0.0009251544374233334,-0.0004645408131819425,164.37033762285316,0.0009251544374233334,-0.0004645408131819425,164.37033762285316,0.59
20.34,2,0.000834001271420705,-0.0004379785497459921,162.45129196356697,0.000834001271420705,-0.0004379785497459921,162.45129196356697,0.591
20.44,2,0.0007985136686177744,-0.00042527080377017206,160.30860397029437,0.0007985136686177744,-0.00042527080377017206,160.30860397029437,0.589
20.54,2,0.0007170179888758784,-0.00039468827198198085,158.20853990994223,0.0007170179888758784,-0.00039468827198198085,158.20853990994223,0.588
20.64,2,0.0006705698699501383,-0.00037463167141262417,156.1546489058313,0.0006705698699501383,-0.00037463167141262417,156.1546489058313,0.59
20.74,2,0.0005992321267567933,-0.00034208624859527703,154.14048270253335,0.0005992321267567933,-0.00034208624859527703,154.14048270253335,0.593
20.84,2,0.0005994824198138914,-0.0003414314447594749,152.02005019149152,0.0005994824198138914,-0.0003414314447594749,152.02005019149152,0.593
20.94,2,0.0005555752331007405,-0.00031746412803496717,150.07770780223584,0.0005555752331007405,-0.00031746412803496717,150.07770780223584,0.594
21.04,2,0.0004986735054801709,-0.0002835845804408476,148.14958764056246,0.0004986735054801709,-0.0002835845804408476,148.14958764056246,0.598
21.14,2,0.0004849675742556209,-0.0002745461250438975,146.30903582840594,0.0004849675742556209,-0.0002745461250438975,146.30903582840594,0.599
21.24,2,0.00040898839992758925,-0.00022315796706405354,144.47109686821284,0.00040898839992758925,-0.00022315796706405354,144.47109686821284,0.596
21.34,2,0.00042819612116246704,-0.0002363526656825551,142.72574020103474,0.00042819612116246704,-0.0002363526656825551,142.72574020103474,0.597
21.44,2,0.00038897305047796483,-0.00020641278479203843,141.18595903079333,0.00038897305047796483,-0.00020641278479203843,141.18595903079333,0.6
21.54,2,0.00034086608969199304,-0.00016673323586496213,139.68209817761644,0.00034086608969199304,-0.00016673323586496213,139.68209817761644,0.601
21.64,2,0.0003272456378286131,-0.00015506821213802106,138.0076589430842,0.0003272456378286131,-0.00015506821213802106,138.0076589430842,0.611
21.74,2,0.00032996828704195643,-0.00015809912707004132,136.0310207087271,0.00032996828704195643,-0.00015809912707004132,136.0310207087271,0.614
21.87,2,0.00033789525305807076,-0.00016610332554873436,134.36029569438253,0.00033789525305807076,-0.00016610332554873436,134.36029569438253,0.617
21.97,2,0.00034918531343039976,-0.0001778904315520032,132.48400632772325,0.00034918531343039976,-0.0001778904315520032,132.48400632772325,0.617
22.07,2,0.00026463949199319477,-8.342820654905102e-05,130.14536145585424,0.00026463949199319477,-8.342820654905102e-05,130.14536145585424,0.617
22.18,2,0.0002651659970669253,-8.166273789068346e-05,128.21302646224626,0.0002651659970669253,-8.166273789068346e-05,128.21302646224626,0.613
22.3,2,0.00026874655551432165,-8.732691363436433e-05,126.17672120123596,0.00026874655551432165,-8.732691363436433e-05,126.17672120123596,0.622
22.41,2,0.0002785541556239075,-0.0001018976825554529,123.6025789482002,0.0002785541556239075,-0.0001018976825554529,123.6025789482002,0.621
22.52,2,0.00017660152941923003,5.219869156527025e-05,121.9143463722548,0.00017660152941923003,5.219869156527025e-05,121.9143463722548,0.625
22.64,2,0.00026516130753401234,-8.8866334973349e-05,119.38622845842438,0.00026516130753401234,-8.8866334973349e-05,119.38622845842438,0.629
22.74,2,0.0002914035305209477,-0.00013829418249996435,117.26554167798321,0.0002914035305209477,-0.00013829418249996435,117.26554167798321,0.631
22.84,2,0.00028865927889235184,-0.0001337357390715272,115.25225096097778,0.00028865927889235184,-0.0001337357390715272,115.25225096097778,0.634
22.94,2,0.0003053428833726266,-0.00016892211266034243,113.26707781538094,0.0003053428833726266,-0.00016892211266034243,113.26707781538094,0.634
23.06,2,0.000308524153218182,-0.00017808141275350855,111.27124249389024,0.000308524153218182,-0.00017808141275350855,111.27124249389024,0.634
23.17,2,0.0003102495633985336,-0.00018343255258569162,109.30454512480199,0.0003102495633985336,-0.00018343255258569162,109.30454512480199,0.642
23.27,2,0.00029949545211823715,-0.0001539882377509337,106.85440208784078,0.00029949545211823715,-0.0001539882377509337,106.85440208784078,0.643
23.38,2,0.0002850386046394192,-0.00010688500058227754,105.03558225689352,0.0002850386046394192,-0.00010688500058227754,105.03558225689352,0.644
23.5,2,0.00025248338257749476,1.834555877797666e-05,103.35940451394737,0.00025248338257749476,1.834555877797666e-05,103.35940451394737,0.654
23.61,2,0.00023285854708917167,0.00011098729044841071,101.20856651595507,0.00023285854708917167,0.00011098729044841071,101.20856651595507,0.663
23.71,2,0.00023475116335548696,0.00010811218436250058,99.72449130830861,0.00023475116335548696,0.00010811218436250058,99.72449130830861,0.668
23.81,2,0.0002328772610177563,0.00011970744904806303,98.19065016482433,0.0002328772610177563,0.00011970744904806303,98.19065016482433,0.671
23.92,2,0.00022556452563989826,0.0001735278307530381,96.55954916289149,0.00022556452563989826,0.0001735278307530381,96.55954916289149,0.676
24.04,2,0.0002273550934889578,0.00015085136008219501,94.2525314625134,0.0002273550934889578,0.00015085136008219501,94.2525314625134,0.675
24.14,2,0.00021782663793653371,0.00029081100271637257,92.5689505651048,0.00021782663793653371,0.00029081100271637257,92.5689505651048,0.675
24.24,2,0.0002234511108609836,0.00017311102217031364,90.57674460132147,0.0002234511108609836,0.00017311102217031364,90.57674460132147,0.672
24.34,2,0.00022198758540097795,0.00027019299482907214,88.94693548684499,0.00022198758540097795,0.00027019299482907214,88.94693548684499,0.661
24.46,2,0.00022258833721603487,0.0002330676165329259,87.16822307679443,0.00022258833721603487,0.0002330676165329259,87.16822307679443,0.66
24.57,2,0.00021676063419064355,0.00013244446575592976,85.35308597362061,0.00021676063419064355,0.00013244446575592976,85.35308597362061,0.658
24.67,2,0.00021988612106082077,0.0001829425376069394,82.91287104429772,0.00021988612106082077,0.0001829425376069394,82.91287104429772,0.657
24.78,2,0.000224217660045711,0.00021488837889079032,81.68745847447414,0.000224217660045711,0.00021488837889079032,81.68745847447414,0.656
24.89,2,0.00022639380615691965,0.00021994583924860291,79.53870422074627,0.00022639380615691965,0.00021994583924860291,79.53870422074627,0.641
25.01,2,0.00022212765651901254,0.00019971647271211916,76.99284624737527,0.00022212765651901254,0.00019971647271211916,76.99284624737527,0.642
25.11,2,0.0002391861014798305,0.0002721741981301364,75.29785448825807,0.0002391861014798305,0.0002721741981301364,75.29785448825807,0.642
25.21,2,0.0002390058853903897,0.00027147232222160934,73.44245503610377,0.0002390058853903897,0.00027147232222160934,73.44245503610377,0.634
25.32,2,0.00021514357565591857,0.00019203092458183524,71.62697676453374,0.00021514357565591857,0.00019203092458183524,71.62697676453374,0.629
25.44,2,0.00020279235906824655,0.0001605757809252367,68.7445003820266,0.00020279235906824655,0.0001605757809252367,68.7445003820266,0.628
25.54,2,0.00018174926289417446,0.00010783207826325916,66.73821654490469,0.00018174926289417446,0.00010783207826325916,66.73821654490469,0.628
25.64,2,0.0001527410425633603,4.337112876704772e-05,64.7101498930617,0.0001527410425633603,4.337112876704772e-05,64.7101498930617,0.628
25.74,2,0.00014602702430689774,3.112758468992634e-05,62.602726823251025,0.00014602702430689774,3.112758468992634e-05,62.602726823251025,0.622
25.86,2,0.00012436029015247603,-9.531405686471013e-06,60.40714023206217,0.00012436029015247603,-9.531405686471013e-06,60.40714023206217,0.621
25.97,2,0.00010598040158973007,-4.0493956071328375e-05,58.20355129837731,0.00010598040158973007,-4.0493956071328375e-05,58.20355129837731,0.622
26.07,2,0.00010740858048250485,-3.759506760817106e-05,56.508849787485254,0.00010740858048250485,-3.759506760817106e-05,56.508849787485254,0.622
26.17,2,0.00010894505750455138,-3.57821032580971e-05,53.86824748841568,0.00010894505750455138,-3.57821032580971e-05,53.86824748841568,0.622
26.28,2,0.00010063393893161926,-4.733565156421226e-05,51.92468817156877,0.00010063393893161926,-4.733565156421226e-05,51.92468817156877,0.619
26.38,2,6.030327682832417e-05,-9.753355806139754e-05,49.79136336304162,6.030327682832417e-05,-9.753355806139754e-05,49.79136336304162,0.61
26.51,2,6.541453185859892e-05,-9.009797052864629e-05,47.614624953974186,6.541453185859892e-05,-9.009797052864629e-05,47.614624953974186,0.606
26.62,2,0.00011964307349734797,-3.194325458430426e-05,45.2307307473792,0.00011964307349734797,-3.194325458430426e-05,45.2307307473792,0.604
26.74,2,0.00010034248866711649,-4.9924092446788545e-05,42.07834497241257,0.00010034248866711649,-4.9924092446788545e-05,42.07834497241257,0.605
26.84,2,0.0001288641383202393,-2.442911566711238e-05,39.586180002942186,0.0001288641383202393,-2.442911566711238e-05,39.586180002942186,0.595
26.94,2,0.00013033953003738523,-2.3778023435938908e-05,37.16642669775524,0.00013033953003738523,-2.3778023435938908e-05,37.16642669775524,0.596
27.04,2,0.00011160766012747458,-3.827675649418555e-05,35.251658128868954,0.00011160766012747458,-3.827675649418555e-05,35.251658128868954,0.599
27.14,2,3.2172460931157774e-05,-9.389015268023325e-05,32.98425401310779,3.2172460931157774e-05,-9.389015268023325e-05,32.98425401310779,0.593
27.24,2,-2.5886556726365877e-05,-0.00012928455537844583,30.51787996344155,-2.5886556726365877e-05,-0.00012928455537844583,30.51787996344155,0.595
27.34,2,-5.1566603247197353e-05,-0.00014299566821810683,27.9097800383408,-5.1566603247197353e-05,-0.00014299566821810683,27.9097800383408,0.595
27.44,2,-9.272925730910203e-05,-0.00016402319471441602,25.26631356269972,-9.272925730910203e-05,-0.00016402319471441602,25.26631356269972,0.59
27.54,2,-0.00017484987037362423,-0.00020156156374568227,22.584317408506752,-0.00017484987037362423,-0.00020156156374568227,22.584317408506752,0.591
27.66,2,-0.0002093752143682038,-0.0002145012116036181,20.024661363445155,-0.0002093752143682038,-0.0002145012116036181,20.024661363445155,0.588
27.76,2,-0.00026051637921327094,-0.00023197918898237334,17.49968800277222,-0.00026051637921327094,-0.00023197918898237334,17.49968800277222,0.59
27.86,2,-0.0002857241333720011,-0.00023846696092675711,14.862730717078708,-0.0002857241333720011,-0.00023846696092675711,14.862730717078708,0.587
27.97,2,-0.0002361030046926068,-0.00022540710168326552,12.272952048306136,-0.0002361030046926068,-0.00022540710168326552,12.272952048306136,0.587
28.07,2,-0.00022887370508851472,-0.0002251341804593874,9.065950734463165,-0.00022887370508851472,-0.0002251341804593874,9.065950734463165,0.587
35.12,3,-0.0003040524956953664,-0.00023502225972104877,7.198368407550979,-0.0003040524956953664,-0.00023502225972104877,7.198368407550979,0.581
35.24,3,-0.0002766333303740144,-0.00023158492391976772,6.933494281587738,-0.0002766333303740144,-0.00023158492391976772,6.933494281587738,0.581
35.34,3,-0.00010794307972049131,-0.00021321764268023304,4.903721801137812,-0.00010794307972049131,-0.00021321764268023304,4.903721801137812,0.582
35.46,3,3.7471736884670125e-05,-0.0002029905708369405,2.7009878842354675,3.7471736884670125e-05,-0.0002029905708369405,2.7009878842354675,0.582
35.57,3,0.00017377132339804042,-0.00019895799421644483,0.5076079208870877,0.00017377132339804042,-0.00019895799421644483,0.5076079208870877,0.582
35.68,3,0.00027344944961775556,-0.00020046135765580257,-1.6780677417972958,0.00027344944961775556,-0.00020046135765580257,-1.6780677417972958,0.582
35.79,3,0.00037695766822518144,-0.00020622089922610413,-4.621949851086322,0.00037695766822518144,-0.00020622089922610413,-4.621949851086322,0.579
35.9,3,0.0004450938463631695,-0.00021334367221199812,-6.950692822124013,0.0004450938463631695,-0.00021334367221199812,-6.950692822124013,0.582
36.01,3,0.000508328273176869,-0.00022305850704814714,-9.806917193596647,0.000508328273176869,-0.00022305850704814714,-9.806917193596647,0.576
36.12,3,0.0005738893035676394,-0.00023569157993848816,-11.986593292969857,0.0005738893035676394,-0.00023569157993848816,-11.986593292969857,0.579
36.24,3,0.0006594546454773028,-0.00025679645744145115,-14.868629708644294,0.0006594546454773028,-0.00025679645744145115,-14.868629708644294,0.583
36.34,3,0.000651858218434351,-0.0002556562510861698,-17.03251558207086,0.000651858218434351,-0.0002556562510861698,-17.03251558207086,0.583
36.44,3,0.0006775544550607796,-0.0002635217593540062,-19.133274391323692,0.0006775544550607796,-0.0002635217593540062,-19.133274391323692,0.576
36.54,3,0.0007571346295639137,-0.00029197968896778055,-21.30110761652011,0.0007571346295639137,-0.00029197968896778055,-21.30110761652011,0.579
36.64,3,0.0007571505446994713,-0.000292977973232638,-23.44868506929483,0.0007571505446994713,-0.000292977973232638,-23.44868506929483,0.583
36.74,3,0.000816587713561053,-0.00031977200753159315,-25.64549995944063,0.000816587713561053,-0.00031977200753159315,-25.64549995944063,0.578
36.86,3,0.0008295716541453038,-0.00032714334475177754,-27.697601562725914,0.0008295716541453038,-0.00032714334475177754,-27.697601562725914,0.58
36.96,3,0.0009582991698618497,-0.0003960731511664917,-29.410337388116663,0.0009582991698618497,-0.0003960731511664917,-29.410337388116663,0.578
37.06,3,0.0011247598019935284,-0.0004917995580959785,-31.010061595290857,0.0011247598019935284,-0.0004917995580959785,-31.010061595290857,0.578
37.17,3,0.0011654392185614295,-0.0005179309731647412,-32.752796186009036,0.0011654392185614295,-0.0005179309731647412,-32.752796186009036,0.578
37.28,3,0.0011518216246643124,-0.0005105699049610733,-34.47046262771371,0.0011518216246643124,-0.0005105699049610733,-34.47046262771371,0.574
37.38,3,0.0011448506804406647,-0.0005066825538267105,-36.80984952403711,0.0011448506804406647,-0.0005066825538267105,-36.80984952403711,0.576
37.5,3,0.0010745656016907753,-0.00045324414048180924,-38.867936082608175,0.0010745656016907753,-0.00045324414048180924,-38.867936082608175,0.571
37.61,3,0.0010888451880761549,-0.00046484095955485745,-41.72053308467358,0.0010888451880761549,-0.00046484095955485745,-41.72053308467358,0.574
37.72,3,0.0010427714269078876,-0.00042359102640543883,-43.65400352951445,0.0010427714269078876,-0.00042359102640543883,-43.65400352951445,0.57
37.84,3,0.001104405941183839,-0.00048154039878405556,-46.036624517692196,0.001104405941183839,-0.00048154039878405556,-46.036624517692196,0.571
37.94,3,0.0010686443428031523,-0.0004438943791759437,-48.06321498200585,0.0010686443428031523,-0.0004438943791759437,-48.06321498200585,0.573
38.06,3,0.0011129656050900573,-0.0004922441137816261,-50.30465424304374,0.0011129656050900573,-0.0004922441137816261,-50.30465424304374,0.575
38.16,3,0.001166272584052005,-0.0005577763591388468,-52.35432176387128,0.001166272584052005,-0.0005577763591388468,-52.35432176387128,0.576
38.26,3,0.0011691722123166363,-0.0005637188746628864,-54.320705287594464,0.0011691722123166363,-0.0005637188746628864,-54.320705287594464,0.574
38.37,3,0.0011547738378692993,-0.0005448342834993533,-56.30470451780386,0.0011547738378692993,-0.0005448342834993533,-56.30470451780386,0.577
38.47,3,0.001154451446684554,-0.0005431901382066145,-58.41942378311968,0.001154451446684554,-0.0005431901382066145,-58.41942378311968,0.58
38.57,3,0.0011534427433051624,-0.0005392165225019079,-61.239699181550606,0.0011534427433051624,-0.0005392165225019079,-61.239699181550606,0.585
38.67,3,0.0011841004999441317,-0.000594477811258015,-63.27204945621442,0.0011841004999441317,-0.000594477811258015,-63.27204945621442,0.589
38.77,3,0.001215635563651933,-0.0006579906440199046,-65.21070374687258,0.001215635563651933,-0.0006579906440199046,-65.21070374687258,0.587
38.87,3,0.001195336056912761,-0.0006149958762510624,-67.20400512386193,0.001195336056912761,-0.0006149958762510624,-67.20400512386193,0.588
38.97,3,0.0011940951847347876,-0.0006116596035752134,-69.08590948554972,0.0011940951847347876,-0.0006116596035752134,-69.08590948554972,0.591
39.07,3,0.0012054011964144585,-0.0006421888361563172,-70.92573211640308,0.0012054011964144585,-0.0006421888361563172,-70.92573211640308,0.591
39.17,3,0.00120912296909981,-0.0006547209061078895,-72.82830635144894,0.00120912296909981,-0.0006547209061078895,-72.82830635144894,0.592
39.28,3,0.0012060738060110487,-0.0006444937715856261,-74.17176044123671,0.0012060738060110487,-0.0006444937715856261,-74.17176044123671,0.592
39.38,3,0.0012070289447822513,-0.0006499358144509298,-77.0906072859919,0.0012070289447822513,-0.0006499358144509298,-77.0906072859919,0.592
39.5,3,0.0012217590695165503,-0.0007202726213125031,-79.16725578048812,0.0012217590695165503,-0.0007202726213125031,-79.16725578048812,0.594
39.61,3,0.0012162729686709137,-0.0006993481421902789,-82.05098697503479,0.0012162729686709137,-0.0006993481421902789,-82.05098697503479,0.597
39.72,3,0.0012147035824061573,-0.0006907655355903943,-84.41543892825786,0.0012147035824061573,-0.0006907655355903943,-84.41543892825786,0.599
39.84,3,0.0012145056174183123,-0.0006953803418030806,-87.58270452240788,0.0012145056174183123,-0.0006953803418030806,-87.58270452240788,0.599
39.94,3,0.001212754942759889,-0.0006615375798594543,-89.9604888202069,0.001212754942759889,-0.0006615375798594543,-89.9604888202069,0.601
40.04,3,0.0012135554349313276,-0.0006406728091315198,-92.21570443524712,0.0012135554349313276,-0.0006406728091315198,-92.21570443524712,0.603
40.14,3,0.0012129861413661032,-0.0006735049427185712,-94.42561200541384,0.0012129861413661032,-0.0006735049427185712,-94.42561200541384,0.605
40.24,3,0.0012170519603751247,-0.0006204721187898315,-96.65729926597493,0.0012170519603751247,-0.0006204721187898315,-96.65729926597493,0.606
40.34,3,0.0012165002495515712,-0.0006257159880064775,-98.82711610924788,0.0012165002495515712,-0.0006257159880064775,-98.82711610924788,0.607
40.46,3,0.001221021414892481,-0.0005965022640499567,-100.8504763013859,0.001221021414892481,-0.0005965022640499567,-100.8504763013859,0.608
40.57,3,0.0012296266835197718,-0.0005533413416607372,-102.95267618131524,0.0012296266835197718,-0.0005533413416607372,-102.95267618131524,0.609
40.67,3,0.001232551699817866,-0.0005481524961218514,-105.6423260609714,0.001232551699817866,-0.0005481524961218514,-105.6423260609714,0.612
40.77,3,0.0012185687920440408,-0.000597851513646189,-107.65821214116414,0.0012185687920440408,-0.000597851513646189,-107.65821214116414,0.616
40.87,3,0.0012080061677944942,-0.0006296807451361482,-109.68484661967717,0.0012080061677944942,-0.0006296807451361482,-109.68484661967717,0.621
40.97,3,0.0011779913042909765,-0.0007126547279770096,-111.48512972849859,0.0011779913042909765,-0.0007126547279770096,-111.48512972849859,0.624
41.07,3,0.0011645587815586485,-0.0007421097965065012,-113.20600941281567,0.0011645587815586485,-0.0007421097965065012,-113.20600941281567,0.623
41.17,3,0.0011884204950761636,-0.0006850158555230057,-114.95619525690337,0.0011884204950761636,-0.0006850158555230057,-114.95619525690337,0.623
41.27,3,0.0011444641498384203,-0.0007814966689020058,-116.2016046046638,0.0011444641498384203,-0.0007814966689020058,-116.2016046046638,0.625
41.37,3,0.0011516980908633538,-0.0007646124053534779,-118.58196437579896,0.0011516980908633538,-0.0007646124053534779,-118.58196437579896,0.629
41.47,3,0.0011670760884036097,-0.0007366226153492797,-120.65746382807465,0.0011670760884036097,-0.0007366226153492797,-120.65746382807465,0.632
41.57,3,0.0011381283482498768,-0.0007851629161353371,-122.61138415976696,0.0011381283482498768,-0.0007851629161353371,-122.61138415976696,0.634
41.67,3,0.0011796681573063475,-0.0007198055084637643,-124.70164119514543,0.0011796681573063475,-0.0007198055084637643,-124.70164119514543,0.635
41.77,3,0.0012010904771859463,-0.000689785555840912,-126.1330591513415,0.0012010904771859463,-0.000689785555840912,-126.1330591513415,0.631
41.87,3,0.0011600276718547098,-0.0007460199511722903,-127.9819648885235,0.0011600276718547098,-0.0007460199511722903,-127.9819648885235,0.635
41.97,3,0.001269874354301768,-0.0006067515116165559,-130.7159568084819,0.001269874354301768,-0.0006067515116165559,-130.7159568084819,0.641
42.07,3,0.0012918710827930177,-0.0005826918935596756,-133.07099545634347,0.0012918710827930177,-0.0005826918935596756,-133.07099545634347,0.638
42.17,3,0.0013051119944938396,-0.0005683290151674418,-135.42743657187006,0.0013051119944938396,-0.0005683290151674418,-135.42743657187006,0.642
42.27,3,0.0013134962623209477,-0.0005605870361070924,-137.8980612113967,0.0013134962623209477,-0.0005605870361070924,-137.8980612113967,0.639
42.37,3,0.0013083563471930292,-0.0005657637837526416,-140.4353368126037,0.0013083563471930292,-0.0005657637837526416,-140.4353368126037,0.639
42.47,3,0.0012850642698051297,-0.0005849742781651887,-142.8697032971249,0.0012850642698051297,-0.0005849742781651887,-142.8697032971249,0.643
42.57,3,0.001243688660219781,-0.0006155238597683774,-145.1546782987083,0.001243688660219781,-0.0006155238597683774,-145.1546782987083,0.645
42.67,3,0.001303566918272377,-0.000572211578580388,-146.45944754098116,0.001303566918272377,-0.000572211578580388,-146.45944754098116,0.642
42.77,3,0.0013282128720121067,-0.0005583720649455549,-149.77522689006412,0.0013282128720121067,-0.0005583720649455549,-149.77522689006412,0.644
42.87,3,0.0013132669042514387,-0.0005686126012032306,-152.23827627772323,0.0013132669042514387,-0.0005686126012032306,-152.23827627772323,0.645
42.97,3,0.001299268813737666,-0.0005767296895606078,-154.4585683580059,0.001299268813737666,-0.0005767296895606078,-154.4585683580059,0.646
43.07,3,0.0012710975143233672,-0.000589302900329563,-156.94536850247,0.0012710975143233672,-0.000589302900329563,-156.94536850247,0.644
43.17,3,0.001316461222537272,-0.000569605729158166,-159.24119805461513,0.001316461222537272,-0.000569605729158166,-159.24119805461513,0.645
43.27,3,0.0013426024121624108,-0.0005602350378812119,-161.4283166365627,0.0013426024121624108,-0.0005602350378812119,-161.4283166365627,0.648
43.37,3,0.001399209250852083,-0.0005419528416498518,-163.80894074021072,0.001399209250852083,-0.0005419528416498518,-163.80894074021072,0.647
43.47,3,0.0014217680901734396,-0.0005368208701270662,-166.10880254947952,0.0014217680901734396,-0.0005368208701270662,-166.10880254947952,0.647
